bruinID.text,button.numClicks,button.timesOn,button.timesOff,mouseLogIn.x,mouseLogIn.y,mouseLogIn.leftButton,mouseLogIn.midButton,mouseLogIn.rightButton,mouseLogIn.time,mouseLogIn.clicked_name,repeat.thisRepN,repeat.thisTrialN,repeat.thisN,repeat.thisIndex,repeat.ran,participant,session,date,expName,psychopyVersion,OS,frameRate,key_resp_6.keys,key_resp_6.rt,key_resp_5.keys,key_resp_5.rt,subjage_slider.response,subjage_slider.rt,confidence_scale.response,confidence_scale.rt,key_resp_7.keys,key_resp_7.rt,button_2.numClicks,button_2.timesOn,button_2.timesOff,email_type,scam_button.numClicks,scam_button.timesOn,scam_button.timesOff,legit_button.numClicks,legit_button.timesOn,legit_button.timesOff,button_selections_1,confidence_scale_email.response,confidence_scale_email.rt,personal_rel_scale.response,personal_rel_scale.rt,curiosity_scale.response,curiosity_scale.rt,email_loop.thisRepN,email_loop.thisTrialN,email_loop.thisN,email_loop.thisIndex,email_loop.ran,emails,type,xsize,ysize,xpos,ypos,key_resp_11.keys,key_resp_11.rt,key_resp_9.keys,key_resp_9.rt,key_resp_10.keys,key_resp_10.rt,textbox.text,next_button.numClicks,next_button.timesOn,next_button.timesOff,email_loops2.thisRepN,email_loops2.thisTrialN,email_loops2.thisN,email_loops2.thisIndex,email_loops2.ran,key_resp_3.keys,key_resp_3.rt,slider1_2.response,slider1_2.rt,trust_question,loop_GT.thisRepN,loop_GT.thisTrialN,loop_GT.thisN,loop_GT.thisIndex,loop_GT.ran,Phrases,instructionresp_2.keys,instructionresp_2.rt,key_resp_13.keys,key_resp_13.rt,gen_question,loop_G.thisRepN,loop_G.thisTrialN,loop_G.thisN,loop_G.thisIndex,loop_G.ran,Questions,instructionresp.keys,instructionresp.rt,key_resp_2.keys,key_resp_2.rt,lonely_question,loop_LS.thisRepN,loop_LS.thisTrialN,loop_LS.thisN,loop_LS.thisIndex,loop_LS.ran,key_resp_4.keys,key_resp_4.rt,rating.response,rating.rt,dementia_question,loop_dm.thisRepN,loop_dm.thisTrialN,loop_dm.thisN,loop_dm.thisIndex,loop_dm.ran,Items,key_resp.keys,key_resp.rt,slider1.response,slider1.rt,ss_question,loop_SS.thisRepN,loop_SS.thisTrialN,loop_SS.thisN,loop_SS.thisIndex,loop_SS.ran,Statements,slider.response,slider.rt,Gender,textboxAge.text,textboxBirthday.text,Education Level,Ethnicity,English Fluency,textboxAge_2.text,textboxCountry.text,FQ1textbox.text,textboxQuestion2.text,textboxQuestion3.text,FQ4 selection,Finish.numClicks,Finish.timesOn,Finish.timesOff
706240590,1,[17.948999999999998],[17.948999999999998],0.066666667,-0.066666667,1,0,0,1.95,button,0,0,0,0,1,108890,001,2025-04-19_16h57.55.542,SLSINC,2022.2.5,MacIntel,45.45454545,,,,,,,,,,,,,,,,,,,,,,,,,,,,,,,,,,,,,,,,,,,,,,,,,,,,,,,,,,,,,,,,,,,,,,,,,,,,,,,,,,,,,,,,,,,,,,,,,,,,,,,,,,,,,,,,,,,,,,,,,,,,
,,,,,,,,,,,,,,,,108890,001,2025-04-19_16h57.55.542,SLSINC,2022.2.5,MacIntel,45.45454545,space,7.824,,,,,,,,,,,,,,,,,,,,,,,,,,,,,,,,,,,,,,,,,,,,,,,,,,,,,,,,,,,,,,,,,,,,,,,,,,,,,,,,,,,,,,,,,,,,,,,,,,,,,,,,,,,,,,,,,,,,,,,,,,
,,,,,,,,,,,,,,,,108890,001,2025-04-19_16h57.55.542,SLSINC,2022.2.5,MacIntel,45.45454545,,,space,3.731,,,,,,,,,,,,,,,,,,,,,,,,,,,,,,,,,,,,,,,,,,,,,,,,,,,,,,,,,,,,,,,,,,,,,,,,,,,,,,,,,,,,,,,,,,,,,,,,,,,,,,,,,,,,,,,,,,,,,,,,
,,,,,,,,,,,,,,,,108890,001,2025-04-19_16h57.55.542,SLSINC,2022.2.5,MacIntel,45.45454545,,,,,28.86956522,4.275,,,,,,,,,,,,,,,,,,,,,,,,,,,,,,,,,,,,,,,,,,,,,,,,,,,,,,,,,,,,,,,,,,,,,,,,,,,,,,,,,,,,,,,,,,,,,,,,,,,,,,,,,,,,,,,,,,,,,,
,,,,,,,,,,,,,,,,108890,001,2025-04-19_16h57.55.542,SLSINC,2022.2.5,MacIntel,45.45454545,,,,,,,8.971014493,4.877,,,,,,,,,,,,,,,,,,,,,,,,,,,,,,,,,,,,,,,,,,,,,,,,,,,,,,,,,,,,,,,,,,,,,,,,,,,,,,,,,,,,,,,,,,,,,,,,,,,,,,,,,,,,,,,,,,,,
,,,,,,,,,,,,,,,,108890,001,2025-04-19_16h57.55.542,SLSINC,2022.2.5,MacIntel,45.45454545,,,,,,,,,space,4.17,,,,,,,,,,,,,,,,,,,,,,,,,,,,,,,,,,,,,,,,,,,,,,,,,,,,,,,,,,,,,,,,,,,,,,,,,,,,,,,,,,,,,,,,,,,,,,,,,,,,,,,,,,,,,,,,,,
,,,,,,,,,,,,,,,,108890,001,2025-04-19_16h57.55.542,SLSINC,2022.2.5,MacIntel,45.45454545,,,,,,,,,,,1,[52.041],[52.041],,0,[],[],1,[53.075],[53.075],"[""legit_button""]",9.869565217,2.417,9.057971014,2.296,9.15942029,1.895,0,0,0,13,1,resources/images/legit6.png,legit,0.65,0.65,0,0,,,,,,,,,,,,,,,,,,,,,,,,,,,,,,,,,,,,,,,,,,,,,,,,,,,,,,,,,,,,,,,,,,,,,,,,,,,,,,,,,,,,,,
,,,,,,,,,,,,,,,,108890,001,2025-04-19_16h57.55.542,SLSINC,2022.2.5,MacIntel,45.45454545,,,,,,,,,,,2,"[52.041,64.209]","[52.041,64.209]",,1,[64.942],[64.942],1,[53.075],[53.075],"[""scam_button""]",9.985507246,0.933,9.724637681,0.984,0.217391304,1.993,0,1,1,16,1,resources/images/scam13.png,scam,1,0.65,0,0,,,,,,,,,,,,,,,,,,,,,,,,,,,,,,,,,,,,,,,,,,,,,,,,,,,,,,,,,,,,,,,,,,,,,,,,,,,,,,,,,,,,,,
,,,,,,,,,,,,,,,,108890,001,2025-04-19_16h57.55.542,SLSINC,2022.2.5,MacIntel,45.45454545,,,,,,,,,,,3,"[52.041,64.209,77.327]","[52.041,64.209,77.327]",,1,[64.942],[64.942],2,"[53.075,77.80499999999999]","[53.075,77.80499999999999]","[""legit_button""]",9.014492754,1.685,2.246376812,1.996,3.086956522,1.579,0,2,2,19,1,resources/images/scam_11.png,scam,1,0.65,0,0,,,,,,,,,,,,,,,,,,,,,,,,,,,,,,,,,,,,,,,,,,,,,,,,,,,,,,,,,,,,,,,,,,,,,,,,,,,,,,,,,,,,,,
,,,,,,,,,,,,,,,,108890,001,2025-04-19_16h57.55.542,SLSINC,2022.2.5,MacIntel,45.45454545,,,,,,,,,,,4,"[52.041,64.209,77.327,92.643]","[52.041,64.209,77.327,92.643]",,1,[64.942],[64.942],3,"[53.075,77.80499999999999,93.623]","[53.075,77.80499999999999,93.623]","[""legit_button""]",9.115942029,1.288,8.884057971,0.912,6.115942029,2.411,0,3,3,15,1,resources/images/legit8.png,legit,0.8,0.72,0,0,,,,,,,,,,,,,,,,,,,,,,,,,,,,,,,,,,,,,,,,,,,,,,,,,,,,,,,,,,,,,,,,,,,,,,,,,,,,,,,,,,,,,,
,,,,,,,,,,,,,,,,108890,001,2025-04-19_16h57.55.542,SLSINC,2022.2.5,MacIntel,45.45454545,,,,,,,,,,,5,"[52.041,64.209,77.327,92.643,111.20500000000001]","[52.041,64.209,77.327,92.643,111.20600000000002]",,2,"[64.942,113.189]","[64.942,113.189]",3,"[53.075,77.80499999999999,93.623]","[53.075,77.80499999999999,93.623]","[""scam_button""]",8.956521739,3.649,7.144927536,1.33,0.956521739,1.384,0,4,4,4,1,resources/images/legit2.jpg,legit,1,0.65,0,0,,,,,,,,,,,,,,,,,,,,,,,,,,,,,,,,,,,,,,,,,,,,,,,,,,,,,,,,,,,,,,,,,,,,,,,,,,,,,,,,,,,,,,
,,,,,,,,,,,,,,,,108890,001,2025-04-19_16h57.55.542,SLSINC,2022.2.5,MacIntel,45.45454545,,,,,,,,,,,6,"[52.041,64.209,77.327,92.643,111.20500000000001,128.122]","[52.041,64.209,77.327,92.643,111.20600000000002,128.122]",,2,"[64.942,113.189]","[64.942,113.189]",4,"[53.075,77.80499999999999,93.623,128.736]","[53.075,77.80499999999999,93.623,128.736]","[""legit_button""]",8.304347826,0.541,1.072463768,1.428,0.130434783,0.58,0,5,5,22,1,resources/images/legit17-EDIT.png,legit,0.65,0.65,0,0,,,,,,,,,,,,,,,,,,,,,,,,,,,,,,,,,,,,,,,,,,,,,,,,,,,,,,,,,,,,,,,,,,,,,,,,,,,,,,,,,,,,,,
,,,,,,,,,,,,,,,,108890,001,2025-04-19_16h57.55.542,SLSINC,2022.2.5,MacIntel,45.45454545,,,,,,,,,,,7,"[52.041,64.209,77.327,92.643,111.20500000000001,128.122,146.348]","[52.041,64.209,77.327,92.643,111.20600000000002,128.122,146.348]",,2,"[64.942,113.189]","[64.942,113.189]",5,"[53.075,77.80499999999999,93.623,128.736,147.136]","[53.075,77.80499999999999,93.623,128.736,147.136]","[""legit_button""]",8.173913043,0.734,3.942028986,1.412,1.275362319,0.945,0,6,6,12,1,resources/images/legit5-EDIT.png,legit,0.65,0.65,0,0,,,,,,,,,,,,,,,,,,,,,,,,,,,,,,,,,,,,,,,,,,,,,,,,,,,,,,,,,,,,,,,,,,,,,,,,,,,,,,,,,,,,,,
,,,,,,,,,,,,,,,,108890,001,2025-04-19_16h57.55.542,SLSINC,2022.2.5,MacIntel,45.45454545,,,,,,,,,,,8,"[52.041,64.209,77.327,92.643,111.20500000000001,128.122,146.348,154.488]","[52.041,64.209,77.327,92.643,111.20600000000002,128.122,146.348,154.488]",,3,"[64.942,113.189,155.137]","[64.942,113.189,155.137]",5,"[53.075,77.80499999999999,93.623,128.736,147.136]","[53.075,77.80499999999999,93.623,128.736,147.136]","[""scam_button""]",9.144927536,0.57,1.115942029,1.061,0.217391304,0.331,0,7,7,0,1,resources/images/scam_1.png,scam,1,0.65,0,0,,,,,,,,,,,,,,,,,,,,,,,,,,,,,,,,,,,,,,,,,,,,,,,,,,,,,,,,,,,,,,,,,,,,,,,,,,,,,,,,,,,,,,
,,,,,,,,,,,,,,,,108890,001,2025-04-19_16h57.55.542,SLSINC,2022.2.5,MacIntel,45.45454545,,,,,,,,,,,9,"[52.041,64.209,77.327,92.643,111.20500000000001,128.122,146.348,154.488,161.187]","[52.041,64.209,77.327,92.643,111.20600000000002,128.122,146.348,154.488,161.187]",,4,"[64.942,113.189,155.137,161.904]","[64.942,113.189,155.137,161.904]",5,"[53.075,77.80499999999999,93.623,128.736,147.136]","[53.075,77.80499999999999,93.623,128.736,147.136]","[""scam_button""]",9.434782609,0.532,2.434782609,1.045,0.101449275,1.33,0,8,8,7,1,resources/images/scam5.jpg,scam,0.7,0.65,0,0,,,,,,,,,,,,,,,,,,,,,,,,,,,,,,,,,,,,,,,,,,,,,,,,,,,,,,,,,,,,,,,,,,,,,,,,,,,,,,,,,,,,,,
,,,,,,,,,,,,,,,,108890,001,2025-04-19_16h57.55.542,SLSINC,2022.2.5,MacIntel,45.45454545,,,,,,,,,,,10,"[52.041,64.209,77.327,92.643,111.20500000000001,128.122,146.348,154.488,161.187,184.085]","[52.041,64.209,77.327,92.643,111.20600000000002,128.122,146.348,154.488,161.187,184.085]",,4,"[64.942,113.189,155.137,161.904]","[64.942,113.189,155.137,161.904]",6,"[53.075,77.80499999999999,93.623,128.736,147.136,185.161]","[53.075,77.80499999999999,93.623,128.736,147.136,185.161]","[""legit_button""]",6.536231884,0.524,5.405797101,1.279,1.797101449,0.463,0,9,9,20,1,resources/images/scam12.jpg,scam,0.65,0.65,0,0,,,,,,,,,,,,,,,,,,,,,,,,,,,,,,,,,,,,,,,,,,,,,,,,,,,,,,,,,,,,,,,,,,,,,,,,,,,,,,,,,,,,,,
,,,,,,,,,,,,,,,,108890,001,2025-04-19_16h57.55.542,SLSINC,2022.2.5,MacIntel,45.45454545,,,,,,,,,,,11,"[52.041,64.209,77.327,92.643,111.20500000000001,128.122,146.348,154.488,161.187,184.085,217.632]","[52.041,64.209,77.327,92.643,111.20600000000002,128.122,146.348,154.488,161.187,184.085,217.632]",,4,"[64.942,113.189,155.137,161.904]","[64.942,113.189,155.137,161.904]",7,"[53.075,77.80499999999999,93.623,128.736,147.136,185.161,218.066]","[53.075,77.80499999999999,93.623,128.736,147.136,185.161,218.066]","[""legit_button""]",8.652173913,0.538,8.666666667,0.444,0.362318841,0.564,0,10,10,14,1,resources/images/legit7-EDIT.png,legit,0.65,0.65,0,0,,,,,,,,,,,,,,,,,,,,,,,,,,,,,,,,,,,,,,,,,,,,,,,,,,,,,,,,,,,,,,,,,,,,,,,,,,,,,,,,,,,,,,
,,,,,,,,,,,,,,,,108890,001,2025-04-19_16h57.55.542,SLSINC,2022.2.5,MacIntel,45.45454545,,,,,,,,,,,12,"[52.041,64.209,77.327,92.643,111.20500000000001,128.122,146.348,154.488,161.187,184.085,217.632,228.235]","[52.041,64.209,77.327,92.643,111.20600000000002,128.122,146.348,154.488,161.187,184.085,217.632,228.235]",,5,"[64.942,113.189,155.137,161.904,228.76500000000001]","[64.942,113.189,155.137,161.904,228.76500000000001]",7,"[53.075,77.80499999999999,93.623,128.736,147.136,185.161,218.066]","[53.075,77.80499999999999,93.623,128.736,147.136,185.161,218.066]","[""scam_button""]",7.260869565,0.385,1.913043478,0.514,3.594202899,0.483,0,11,11,23,1,resources/images/scam14-EDIT.png,scam,1,0.65,0,0,,,,,,,,,,,,,,,,,,,,,,,,,,,,,,,,,,,,,,,,,,,,,,,,,,,,,,,,,,,,,,,,,,,,,,,,,,,,,,,,,,,,,,
,,,,,,,,,,,,,,,,108890,001,2025-04-19_16h57.55.542,SLSINC,2022.2.5,MacIntel,45.45454545,,,,,,,,,,,13,"[52.041,64.209,77.327,92.643,111.20500000000001,128.122,146.348,154.488,161.187,184.085,217.632,228.235,235.257]","[52.041,64.209,77.327,92.643,111.20600000000002,128.122,146.348,154.488,161.187,184.085,217.632,228.235,235.257]",,6,"[64.942,113.189,155.137,161.904,228.76500000000001,235.83]","[64.942,113.189,155.137,161.904,228.76500000000001,235.83]",7,"[53.075,77.80499999999999,93.623,128.736,147.136,185.161,218.066]","[53.075,77.80499999999999,93.623,128.736,147.136,185.161,218.066]","[""scam_button""]",7.652173913,1.102,0.855072464,0.566,1.028985507,0.344,0,12,12,8,1,resources/images/legit9-EDIT.png,legit,1,0.65,0,0,,,,,,,,,,,,,,,,,,,,,,,,,,,,,,,,,,,,,,,,,,,,,,,,,,,,,,,,,,,,,,,,,,,,,,,,,,,,,,,,,,,,,,
,,,,,,,,,,,,,,,,108890,001,2025-04-19_16h57.55.542,SLSINC,2022.2.5,MacIntel,45.45454545,,,,,,,,,,,14,"[52.041,64.209,77.327,92.643,111.20500000000001,128.122,146.348,154.488,161.187,184.085,217.632,228.235,235.257,249.10000000000002]","[52.041,64.209,77.327,92.643,111.20600000000002,128.122,146.348,154.488,161.187,184.085,217.632,228.235,235.257,249.10000000000002]",,6,"[64.942,113.189,155.137,161.904,228.76500000000001,235.83]","[64.942,113.189,155.137,161.904,228.76500000000001,235.83]",8,"[53.075,77.80499999999999,93.623,128.736,147.136,185.161,218.066,249.71599999999998]","[53.075,77.80499999999999,93.623,128.736,147.136,185.161,218.066,249.71599999999998]","[""legit_button""]",8.550724638,0.784,6.52173913,0.713,1.47826087,0.632,0,13,13,21,1,resources/images/legit14-EDIT.jpg,legit,1,0.65,0,0,,,,,,,,,,,,,,,,,,,,,,,,,,,,,,,,,,,,,,,,,,,,,,,,,,,,,,,,,,,,,,,,,,,,,,,,,,,,,,,,,,,,,,
,,,,,,,,,,,,,,,,108890,001,2025-04-19_16h57.55.542,SLSINC,2022.2.5,MacIntel,45.45454545,,,,,,,,,,,15,"[52.041,64.209,77.327,92.643,111.20500000000001,128.122,146.348,154.488,161.187,184.085,217.632,228.235,235.257,249.10000000000002,261.094]","[52.041,64.209,77.327,92.643,111.20600000000002,128.122,146.348,154.488,161.187,184.085,217.632,228.235,235.257,249.10000000000002,261.094]",,7,"[64.942,113.189,155.137,161.904,228.76500000000001,235.83,261.716]","[64.942,113.189,155.137,161.904,228.76500000000001,235.83,261.716]",8,"[53.075,77.80499999999999,93.623,128.736,147.136,185.161,218.066,249.71599999999998]","[53.075,77.80499999999999,93.623,128.736,147.136,185.161,218.066,249.71599999999998]","[""scam_button""]",7.942028986,0.764,2.072463768,0.564,2.275362319,0.414,0,14,14,9,1,resources/images/scam6.jpg,scam,1,0.65,0,0,,,,,,,,,,,,,,,,,,,,,,,,,,,,,,,,,,,,,,,,,,,,,,,,,,,,,,,,,,,,,,,,,,,,,,,,,,,,,,,,,,,,,,
,,,,,,,,,,,,,,,,108890,001,2025-04-19_16h57.55.542,SLSINC,2022.2.5,MacIntel,45.45454545,,,,,,,,,,,16,"[52.041,64.209,77.327,92.643,111.20500000000001,128.122,146.348,154.488,161.187,184.085,217.632,228.235,235.257,249.10000000000002,261.094,272.511]","[52.041,64.209,77.327,92.643,111.20600000000002,128.122,146.348,154.488,161.187,184.085,217.632,228.235,235.257,249.10000000000002,261.094,272.511]",,8,"[64.942,113.189,155.137,161.904,228.76500000000001,235.83,261.716,273.82899999999995]","[64.942,113.189,155.137,161.904,228.76500000000001,235.83,261.716,273.82899999999995]",8,"[53.075,77.80499999999999,93.623,128.736,147.136,185.161,218.066,249.71599999999998]","[53.075,77.80499999999999,93.623,128.736,147.136,185.161,218.066,249.71599999999998]","[""scam_button""]",5.768115942,0.336,2.115942029,0.432,2.043478261,0.162,0,15,15,6,1,resources/images/scam4.png,scam,0.8,0.65,0,0,,,,,,,,,,,,,,,,,,,,,,,,,,,,,,,,,,,,,,,,,,,,,,,,,,,,,,,,,,,,,,,,,,,,,,,,,,,,,,,,,,,,,,
,,,,,,,,,,,,,,,,108890,001,2025-04-19_16h57.55.542,SLSINC,2022.2.5,MacIntel,45.45454545,,,,,,,,,,,17,"[52.041,64.209,77.327,92.643,111.20500000000001,128.122,146.348,154.488,161.187,184.085,217.632,228.235,235.257,249.10000000000002,261.094,272.511,277.729]","[52.041,64.209,77.327,92.643,111.20600000000002,128.122,146.348,154.488,161.187,184.085,217.632,228.235,235.257,249.10000000000002,261.094,272.511,277.729]",,8,"[64.942,113.189,155.137,161.904,228.76500000000001,235.83,261.716,273.82899999999995]","[64.942,113.189,155.137,161.904,228.76500000000001,235.83,261.716,273.82899999999995]",9,"[53.075,77.80499999999999,93.623,128.736,147.136,185.161,218.066,249.71599999999998,278.398]","[53.075,77.80499999999999,93.623,128.736,147.136,185.161,218.066,249.71599999999998,278.398]","[""legit_button""]",8.884057971,0.55,1.942028986,0.562,1.782608696,0.18,0,16,16,3,1,resources/images/legit1.png,legit,1,0.72,0,0,,,,,,,,,,,,,,,,,,,,,,,,,,,,,,,,,,,,,,,,,,,,,,,,,,,,,,,,,,,,,,,,,,,,,,,,,,,,,,,,,,,,,,
,,,,,,,,,,,,,,,,108890,001,2025-04-19_16h57.55.542,SLSINC,2022.2.5,MacIntel,45.45454545,,,,,,,,,,,18,"[52.041,64.209,77.327,92.643,111.20500000000001,128.122,146.348,154.488,161.187,184.085,217.632,228.235,235.257,249.10000000000002,261.094,272.511,277.729,284.082]","[52.041,64.209,77.327,92.643,111.20600000000002,128.122,146.348,154.488,161.187,184.085,217.632,228.235,235.257,249.10000000000002,261.094,272.511,277.729,284.082]",,9,"[64.942,113.189,155.137,161.904,228.76500000000001,235.83,261.716,273.82899999999995,284.87699999999995]","[64.942,113.189,155.137,161.904,228.76500000000001,235.83,261.716,273.82899999999995,284.87699999999995]",9,"[53.075,77.80499999999999,93.623,128.736,147.136,185.161,218.066,249.71599999999998,278.398]","[53.075,77.80499999999999,93.623,128.736,147.136,185.161,218.066,249.71599999999998,278.398]","[""scam_button""]",4.130434783,0.357,2.31884058,1.161,2.173913043,0.162,0,17,17,1,1,resources/images/scam_2.png,scam,0.9,0.65,0,0,,,,,,,,,,,,,,,,,,,,,,,,,,,,,,,,,,,,,,,,,,,,,,,,,,,,,,,,,,,,,,,,,,,,,,,,,,,,,,,,,,,,,,
,,,,,,,,,,,,,,,,108890,001,2025-04-19_16h57.55.542,SLSINC,2022.2.5,MacIntel,45.45454545,,,,,,,,,,,19,"[52.041,64.209,77.327,92.643,111.20500000000001,128.122,146.348,154.488,161.187,184.085,217.632,228.235,235.257,249.10000000000002,261.094,272.511,277.729,284.082,288.778]","[52.041,64.209,77.327,92.643,111.20600000000002,128.122,146.348,154.488,161.187,184.085,217.632,228.235,235.257,249.10000000000002,261.094,272.511,277.729,284.082,288.778]",,10,"[64.942,113.189,155.137,161.904,228.76500000000001,235.83,261.716,273.82899999999995,284.87699999999995,289.345]","[64.942,113.189,155.137,161.904,228.76500000000001,235.83,261.716,273.82899999999995,284.87699999999995,289.345]",9,"[53.075,77.80499999999999,93.623,128.736,147.136,185.161,218.066,249.71599999999998,278.398]","[53.075,77.80499999999999,93.623,128.736,147.136,185.161,218.066,249.71599999999998,278.398]","[""scam_button""]",9.942028986,1.684,0.376811594,1.079,0.362318841,0.112,0,18,18,10,1,resources/images/scam7.png,scam,0.65,0.65,0,0,,,,,,,,,,,,,,,,,,,,,,,,,,,,,,,,,,,,,,,,,,,,,,,,,,,,,,,,,,,,,,,,,,,,,,,,,,,,,,,,,,,,,,
,,,,,,,,,,,,,,,,108890,001,2025-04-19_16h57.55.542,SLSINC,2022.2.5,MacIntel,45.45454545,,,,,,,,,,,20,"[52.041,64.209,77.327,92.643,111.20500000000001,128.122,146.348,154.488,161.187,184.085,217.632,228.235,235.257,249.10000000000002,261.094,272.511,277.729,284.082,288.778,299.312]","[52.041,64.209,77.327,92.643,111.20600000000002,128.122,146.348,154.488,161.187,184.085,217.632,228.235,235.257,249.10000000000002,261.094,272.511,277.729,284.082,288.778,299.312]",,10,"[64.942,113.189,155.137,161.904,228.76500000000001,235.83,261.716,273.82899999999995,284.87699999999995,289.345]","[64.942,113.189,155.137,161.904,228.76500000000001,235.83,261.716,273.82899999999995,284.87699999999995,289.345]",10,"[53.075,77.80499999999999,93.623,128.736,147.136,185.161,218.066,249.71599999999998,278.398,300.212]","[53.075,77.80499999999999,93.623,128.736,147.136,185.161,218.066,249.71599999999998,278.398,300.212]","[""legit_button""]",9.710144928,0.649,1.507246377,0.445,1.231884058,0.162,0,19,19,11,1,resources/images/legit4-EDIT.png,legit,0.65,0.65,0,0,,,,,,,,,,,,,,,,,,,,,,,,,,,,,,,,,,,,,,,,,,,,,,,,,,,,,,,,,,,,,,,,,,,,,,,,,,,,,,,,,,,,,,
,,,,,,,,,,,,,,,,108890,001,2025-04-19_16h57.55.542,SLSINC,2022.2.5,MacIntel,45.45454545,,,,,,,,,,,21,"[52.041,64.209,77.327,92.643,111.20500000000001,128.122,146.348,154.488,161.187,184.085,217.632,228.235,235.257,249.10000000000002,261.094,272.511,277.729,284.082,288.778,299.312,303.579]","[52.041,64.209,77.327,92.643,111.20600000000002,128.122,146.348,154.488,161.187,184.085,217.632,228.235,235.257,249.10000000000002,261.094,272.511,277.729,284.082,288.778,299.312,303.579]",,11,"[64.942,113.189,155.137,161.904,228.76500000000001,235.83,261.716,273.82899999999995,284.87699999999995,289.345,304.044]","[64.942,113.189,155.137,161.904,228.76500000000001,235.83,261.716,273.82899999999995,284.87699999999995,289.345,304.044]",10,"[53.075,77.80499999999999,93.623,128.736,147.136,185.161,218.066,249.71599999999998,278.398,300.212]","[53.075,77.80499999999999,93.623,128.736,147.136,185.161,218.066,249.71599999999998,278.398,300.212]","[""scam_button""]",9.84057971,0.817,3.376811594,0.412,0.724637681,0.366,0,20,20,2,1,resources/images/scam3.png,scam,1.2,0.65,0,0,,,,,,,,,,,,,,,,,,,,,,,,,,,,,,,,,,,,,,,,,,,,,,,,,,,,,,,,,,,,,,,,,,,,,,,,,,,,,,,,,,,,,,
,,,,,,,,,,,,,,,,108890,001,2025-04-19_16h57.55.542,SLSINC,2022.2.5,MacIntel,45.45454545,,,,,,,,,,,22,"[52.041,64.209,77.327,92.643,111.20500000000001,128.122,146.348,154.488,161.187,184.085,217.632,228.235,235.257,249.10000000000002,261.094,272.511,277.729,284.082,288.778,299.312,303.579,311.38]","[52.041,64.209,77.327,92.643,111.20600000000002,128.122,146.348,154.488,161.187,184.085,217.632,228.235,235.257,249.10000000000002,261.094,272.511,277.729,284.082,288.778,299.312,303.579,311.38]",,11,"[64.942,113.189,155.137,161.904,228.76500000000001,235.83,261.716,273.82899999999995,284.87699999999995,289.345,304.044]","[64.942,113.189,155.137,161.904,228.76500000000001,235.83,261.716,273.82899999999995,284.87699999999995,289.345,304.044]",11,"[53.075,77.80499999999999,93.623,128.736,147.136,185.161,218.066,249.71599999999998,278.398,300.212,311.894]","[53.075,77.80499999999999,93.623,128.736,147.136,185.161,218.066,249.71599999999998,278.398,300.212,311.894]","[""legit_button""]",7.130434783,0.567,1.84057971,0.412,1.565217391,0.166,0,21,21,18,1,resources/images/legit10-EDIT.png,legit,1,0.65,0,0,,,,,,,,,,,,,,,,,,,,,,,,,,,,,,,,,,,,,,,,,,,,,,,,,,,,,,,,,,,,,,,,,,,,,,,,,,,,,,,,,,,,,,
,,,,,,,,,,,,,,,,108890,001,2025-04-19_16h57.55.542,SLSINC,2022.2.5,MacIntel,45.45454545,,,,,,,,,,,23,"[52.041,64.209,77.327,92.643,111.20500000000001,128.122,146.348,154.488,161.187,184.085,217.632,228.235,235.257,249.10000000000002,261.094,272.511,277.729,284.082,288.778,299.312,303.579,311.38,323.462]","[52.041,64.209,77.327,92.643,111.20600000000002,128.122,146.348,154.488,161.187,184.085,217.632,228.235,235.257,249.10000000000002,261.094,272.511,277.729,284.082,288.778,299.312,303.579,311.38,323.462]",,11,"[64.942,113.189,155.137,161.904,228.76500000000001,235.83,261.716,273.82899999999995,284.87699999999995,289.345,304.044]","[64.942,113.189,155.137,161.904,228.76500000000001,235.83,261.716,273.82899999999995,284.87699999999995,289.345,304.044]",12,"[53.075,77.80499999999999,93.623,128.736,147.136,185.161,218.066,249.71599999999998,278.398,300.212,311.894,324.111]","[53.075,77.80499999999999,93.623,128.736,147.136,185.161,218.066,249.71599999999998,278.398,300.212,311.894,324.111]","[""legit_button""]",8.376811594,0.617,1.304347826,0.515,0.927536232,0.316,0,22,22,17,1,resources/images/scam10.jpg,scam,1,0.65,0,0,,,,,,,,,,,,,,,,,,,,,,,,,,,,,,,,,,,,,,,,,,,,,,,,,,,,,,,,,,,,,,,,,,,,,,,,,,,,,,,,,,,,,,
,,,,,,,,,,,,,,,,108890,001,2025-04-19_16h57.55.542,SLSINC,2022.2.5,MacIntel,45.45454545,,,,,,,,,,,24,"[52.041,64.209,77.327,92.643,111.20500000000001,128.122,146.348,154.488,161.187,184.085,217.632,228.235,235.257,249.10000000000002,261.094,272.511,277.729,284.082,288.778,299.312,303.579,311.38,323.462,330.277]","[52.041,64.209,77.327,92.643,111.20600000000002,128.122,146.348,154.488,161.187,184.085,217.632,228.235,235.257,249.10000000000002,261.094,272.511,277.729,284.082,288.778,299.312,303.579,311.38,323.462,330.277]",,11,"[64.942,113.189,155.137,161.904,228.76500000000001,235.83,261.716,273.82899999999995,284.87699999999995,289.345,304.044]","[64.942,113.189,155.137,161.904,228.76500000000001,235.83,261.716,273.82899999999995,284.87699999999995,289.345,304.044]",13,"[53.075,77.80499999999999,93.623,128.736,147.136,185.161,218.066,249.71599999999998,278.398,300.212,311.894,324.111,330.826]","[53.075,77.80499999999999,93.623,128.736,147.136,185.161,218.066,249.71599999999998,278.398,300.212,311.894,324.111,330.826]","[""legit_button""]",7.739130435,0.584,1.333333333,0.347,1.15942029,0.146,0,23,23,5,1,resources/images/legit3.jpg,legit,1,0.73,0,0,,,,,,,,,,,,,,,,,,,,,,,,,,,,,,,,,,,,,,,,,,,,,,,,,,,,,,,,,,,,,,,,,,,,,,,,,,,,,,,,,,,,,,
,,,,,,,,,,,,,,,,108890,001,2025-04-19_16h57.55.542,SLSINC,2022.2.5,MacIntel,45.45454545,,,,,,,,,,,,,,,,,,,,,,,,,,,,,,,,,,,,,,,space,3.638,,,,,,,,,,,,,,,,,,,,,,,,,,,,,,,,,,,,,,,,,,,,,,,,,,,,,,,,,,,,,,,,,,,,,,,,,,,,,,,,,,,,
,,,,,,,,,,,,,,,,108890,001,2025-04-19_16h57.55.542,SLSINC,2022.2.5,MacIntel,45.45454545,,,,,,,,,,,,,,,,,,,,,,,,,,,,,,,,,,,,,,,,,space,5.185,,,,,,,,,,,,,,,,,,,,,,,,,,,,,,,,,,,,,,,,,,,,,,,,,,,,,,,,,,,,,,,,,,,,,,,,,,,,,,,,,,
,,,,,,,,,,,,,,,,108890,001,2025-04-19_16h57.55.542,SLSINC,2022.2.5,MacIntel,45.45454545,,,,,,,,,,,,,,,,,,,,,,,,,,,,,,,,,,,,,,,,,,,space,3.953,,,,,,,,,,,,,,,,,,,,,,,,,,,,,,,,,,,,,,,,,,,,,,,,,,,,,,,,,,,,,,,,,,,,,,,,,,,,,,,,
,,,,,,,,,,,,,,,,108890,001,2025-04-19_16h57.55.542,SLSINC,2022.2.5,MacIntel,45.45454545,,,,,,,,,,,,,,,,,,,,,,,,,,,,,,,,,,,,,,,,,,,,,"Offer lists free stuff, urgent notice, and misspellings ",1,[360.77],[360.77],,,,,,,,,,,,,,,,,,,,,,,,,,,,,,,,,,,,,,,,,,,,,,,,,,,,,,,,,,,,,,,,,,,,,,,,,,,,
,,,,,,,,,,,,,,,,108890,001,2025-04-19_16h57.55.542,SLSINC,2022.2.5,MacIntel,45.45454545,,,,,,,,,space,3.722,,,,,,,,,,,,,,,,,,,,,,,,,,,,,,,,,,,,,,,,,,,,,,,,,,,,,,,,,,,,,,,,,,,,,,,,,,,,,,,,,,,,,,,,,,,,,,,,,,,,,,,,,,,,,,,,,,
,,,,,,,,,,,,,,,,108890,001,2025-04-19_16h57.55.542,SLSINC,2022.2.5,MacIntel,45.45454545,,,,,,,,,,,25,"[52.041,64.209,77.327,92.643,111.20500000000001,128.122,146.348,154.488,161.187,184.085,217.632,228.235,235.257,249.10000000000002,261.094,272.511,277.729,284.082,288.778,299.312,303.579,311.38,323.462,330.277,379.242]","[52.041,64.209,77.327,92.643,111.20600000000002,128.122,146.348,154.488,161.187,184.085,217.632,228.235,235.257,249.10000000000002,261.094,272.511,277.729,284.082,288.778,299.312,303.579,311.38,323.462,330.277,379.242]",,11,"[64.942,113.189,155.137,161.904,228.76500000000001,235.83,261.716,273.82899999999995,284.87699999999995,289.345,304.044]","[64.942,113.189,155.137,161.904,228.76500000000001,235.83,261.716,273.82899999999995,284.87699999999995,289.345,304.044]",14,"[53.075,77.80499999999999,93.623,128.736,147.136,185.161,218.066,249.71599999999998,278.398,300.212,311.894,324.111,330.826,379.82399999999996]","[53.075,77.80499999999999,93.623,128.736,147.136,185.161,218.066,249.71599999999998,278.398,300.212,311.894,324.111,330.826,379.82399999999996]","[""legit_button""]",8.724637681,0.45,0.956521739,1.171,1.15942029,0.493,,,,,,resources/images/legit16.jpg,legit,0.65,0.65,0,0,,,,,,,,,,,0,0,0,15,1,,,,,,,,,,,,,,,,,,,,,,,,,,,,,,,,,,,,,,,,,,,,,,,,,,,,,,,,,,,,,,,,,,,,,,,
,,,,,,,,,,,,,,,,108890,001,2025-04-19_16h57.55.542,SLSINC,2022.2.5,MacIntel,45.45454545,,,,,,,,,,,26,"[52.041,64.209,77.327,92.643,111.20500000000001,128.122,146.348,154.488,161.187,184.085,217.632,228.235,235.257,249.10000000000002,261.094,272.511,277.729,284.082,288.778,299.312,303.579,311.38,323.462,330.277,379.242,394.836]","[52.041,64.209,77.327,92.643,111.20600000000002,128.122,146.348,154.488,161.187,184.085,217.632,228.235,235.257,249.10000000000002,261.094,272.511,277.729,284.082,288.778,299.312,303.579,311.38,323.462,330.277,379.242,394.836]",,11,"[64.942,113.189,155.137,161.904,228.76500000000001,235.83,261.716,273.82899999999995,284.87699999999995,289.345,304.044]","[64.942,113.189,155.137,161.904,228.76500000000001,235.83,261.716,273.82899999999995,284.87699999999995,289.345,304.044]",15,"[53.075,77.80499999999999,93.623,128.736,147.136,185.161,218.066,249.71599999999998,278.398,300.212,311.894,324.111,330.826,379.82399999999996,395.45500000000004]","[53.075,77.80499999999999,93.623,128.736,147.136,185.161,218.066,249.71599999999998,278.398,300.212,311.894,324.111,330.826,379.82399999999996,395.45500000000004]","[""legit_button""]",7.420289855,0.853,1.884057971,0.582,1.898550725,0.129,,,,,,resources/images/legitimate_18.png,legit,1,0.65,0,0,,,,,,,,,,,0,1,1,17,1,,,,,,,,,,,,,,,,,,,,,,,,,,,,,,,,,,,,,,,,,,,,,,,,,,,,,,,,,,,,,,,,,,,,,,,
,,,,,,,,,,,,,,,,108890,001,2025-04-19_16h57.55.542,SLSINC,2022.2.5,MacIntel,45.45454545,,,,,,,,,,,27,"[52.041,64.209,77.327,92.643,111.20500000000001,128.122,146.348,154.488,161.187,184.085,217.632,228.235,235.257,249.10000000000002,261.094,272.511,277.729,284.082,288.778,299.312,303.579,311.38,323.462,330.277,379.242,394.836,403.473]","[52.041,64.209,77.327,92.643,111.20600000000002,128.122,146.348,154.488,161.187,184.085,217.632,228.235,235.257,249.10000000000002,261.094,272.511,277.729,284.082,288.778,299.312,303.579,311.38,323.462,330.277,379.242,394.836,403.473]",,12,"[64.942,113.189,155.137,161.904,228.76500000000001,235.83,261.716,273.82899999999995,284.87699999999995,289.345,304.044,404.587]","[64.942,113.189,155.137,161.904,228.76500000000001,235.83,261.716,273.82899999999995,284.87699999999995,289.345,304.044,404.587]",15,"[53.075,77.80499999999999,93.623,128.736,147.136,185.161,218.066,249.71599999999998,278.398,300.212,311.894,324.111,330.826,379.82399999999996,395.45500000000004]","[53.075,77.80499999999999,93.623,128.736,147.136,185.161,218.066,249.71599999999998,278.398,300.212,311.894,324.111,330.826,379.82399999999996,395.45500000000004]","[""scam_button""]",7.579710145,1.586,1.739130435,0.414,1.739130435,0.129,,,,,,resources/images/legit13.jpg,legit,0.65,0.65,0,0,,,,,,,,,,,0,2,2,6,1,,,,,,,,,,,,,,,,,,,,,,,,,,,,,,,,,,,,,,,,,,,,,,,,,,,,,,,,,,,,,,,,,,,,,,,
,,,,,,,,,,,,,,,,108890,001,2025-04-19_16h57.55.542,SLSINC,2022.2.5,MacIntel,45.45454545,,,,,,,,,,,28,"[52.041,64.209,77.327,92.643,111.20500000000001,128.122,146.348,154.488,161.187,184.085,217.632,228.235,235.257,249.10000000000002,261.094,272.511,277.729,284.082,288.778,299.312,303.579,311.38,323.462,330.277,379.242,394.836,403.473,414.17400000000004]","[52.041,64.209,77.327,92.643,111.20600000000002,128.122,146.348,154.488,161.187,184.085,217.632,228.235,235.257,249.10000000000002,261.094,272.511,277.729,284.082,288.778,299.312,303.579,311.38,323.462,330.277,379.242,394.836,403.473,414.17400000000004]",,12,"[64.942,113.189,155.137,161.904,228.76500000000001,235.83,261.716,273.82899999999995,284.87699999999995,289.345,304.044,404.587]","[64.942,113.189,155.137,161.904,228.76500000000001,235.83,261.716,273.82899999999995,284.87699999999995,289.345,304.044,404.587]",16,"[53.075,77.80499999999999,93.623,128.736,147.136,185.161,218.066,249.71599999999998,278.398,300.212,311.894,324.111,330.826,379.82399999999996,395.45500000000004,414.621]","[53.075,77.80499999999999,93.623,128.736,147.136,185.161,218.066,249.71599999999998,278.398,300.212,311.894,324.111,330.826,379.82399999999996,395.45500000000004,414.621]","[""legit_button""]",7.927536232,0.535,1.826086957,0.331,1.710144928,0.163,,,,,,resources/images/legit12.jpg,legit,1,0.65,0,0,,,,,,,,,,,0,3,3,5,1,,,,,,,,,,,,,,,,,,,,,,,,,,,,,,,,,,,,,,,,,,,,,,,,,,,,,,,,,,,,,,,,,,,,,,,
,,,,,,,,,,,,,,,,108890,001,2025-04-19_16h57.55.542,SLSINC,2022.2.5,MacIntel,45.45454545,,,,,,,,,,,29,"[52.041,64.209,77.327,92.643,111.20500000000001,128.122,146.348,154.488,161.187,184.085,217.632,228.235,235.257,249.10000000000002,261.094,272.511,277.729,284.082,288.778,299.312,303.579,311.38,323.462,330.277,379.242,394.836,403.473,414.17400000000004,422.906]","[52.041,64.209,77.327,92.643,111.20600000000002,128.122,146.348,154.488,161.187,184.085,217.632,228.235,235.257,249.10000000000002,261.094,272.511,277.729,284.082,288.778,299.312,303.579,311.38,323.462,330.277,379.242,394.836,403.473,414.17400000000004,422.906]",,12,"[64.942,113.189,155.137,161.904,228.76500000000001,235.83,261.716,273.82899999999995,284.87699999999995,289.345,304.044,404.587]","[64.942,113.189,155.137,161.904,228.76500000000001,235.83,261.716,273.82899999999995,284.87699999999995,289.345,304.044,404.587]",17,"[53.075,77.80499999999999,93.623,128.736,147.136,185.161,218.066,249.71599999999998,278.398,300.212,311.894,324.111,330.826,379.82399999999996,395.45500000000004,414.621,423.37199999999996]","[53.075,77.80499999999999,93.623,128.736,147.136,185.161,218.066,249.71599999999998,278.398,300.212,311.894,324.111,330.826,379.82399999999996,395.45500000000004,414.621,423.37300000000005]","[""legit_button""]",7.608695652,0.47,1.869565217,0.395,1.826086957,0.114,,,,,,resources/images/scam8.jpg,scam,0.65,0.65,0,0,,,,,,,,,,,0,4,4,0,1,,,,,,,,,,,,,,,,,,,,,,,,,,,,,,,,,,,,,,,,,,,,,,,,,,,,,,,,,,,,,,,,,,,,,,,
,,,,,,,,,,,,,,,,108890,001,2025-04-19_16h57.55.542,SLSINC,2022.2.5,MacIntel,45.45454545,,,,,,,,,,,30,"[52.041,64.209,77.327,92.643,111.20500000000001,128.122,146.348,154.488,161.187,184.085,217.632,228.235,235.257,249.10000000000002,261.094,272.511,277.729,284.082,288.778,299.312,303.579,311.38,323.462,330.277,379.242,394.836,403.473,414.17400000000004,422.906,429.98900000000003]","[52.041,64.209,77.327,92.643,111.20600000000002,128.122,146.348,154.488,161.187,184.085,217.632,228.235,235.257,249.10000000000002,261.094,272.511,277.729,284.082,288.778,299.312,303.579,311.38,323.462,330.277,379.242,394.836,403.473,414.17400000000004,422.906,429.98900000000003]",,13,"[64.942,113.189,155.137,161.904,228.76500000000001,235.83,261.716,273.82899999999995,284.87699999999995,289.345,304.044,404.587,430.554]","[64.942,113.189,155.137,161.904,228.76500000000001,235.83,261.716,273.82899999999995,284.87699999999995,289.345,304.044,404.587,430.554]",17,"[53.075,77.80499999999999,93.623,128.736,147.136,185.161,218.066,249.71599999999998,278.398,300.212,311.894,324.111,330.826,379.82399999999996,395.45500000000004,414.621,423.37199999999996]","[53.075,77.80499999999999,93.623,128.736,147.136,185.161,218.066,249.71599999999998,278.398,300.212,311.894,324.111,330.826,379.82399999999996,395.45500000000004,414.621,423.37300000000005]","[""scam_button""]",5.275362319,0.523,1.231884058,0.776,1.130434783,0.112,,,,,,resources/images/legit_22.png,legit,1,0.78,0,0,,,,,,,,,,,0,5,5,9,1,,,,,,,,,,,,,,,,,,,,,,,,,,,,,,,,,,,,,,,,,,,,,,,,,,,,,,,,,,,,,,,,,,,,,,,
,,,,,,,,,,,,,,,,108890,001,2025-04-19_16h57.55.542,SLSINC,2022.2.5,MacIntel,45.45454545,,,,,,,,,,,31,"[52.041,64.209,77.327,92.643,111.20500000000001,128.122,146.348,154.488,161.187,184.085,217.632,228.235,235.257,249.10000000000002,261.094,272.511,277.729,284.082,288.778,299.312,303.579,311.38,323.462,330.277,379.242,394.836,403.473,414.17400000000004,422.906,429.98900000000003,437.254]","[52.041,64.209,77.327,92.643,111.20600000000002,128.122,146.348,154.488,161.187,184.085,217.632,228.235,235.257,249.10000000000002,261.094,272.511,277.729,284.082,288.778,299.312,303.579,311.38,323.462,330.277,379.242,394.836,403.473,414.17400000000004,422.906,429.98900000000003,437.254]",,14,"[64.942,113.189,155.137,161.904,228.76500000000001,235.83,261.716,273.82899999999995,284.87699999999995,289.345,304.044,404.587,430.554,437.735]","[64.942,113.189,155.137,161.904,228.76500000000001,235.83,261.716,273.82899999999995,284.87699999999995,289.345,304.044,404.587,430.554,437.735]",17,"[53.075,77.80499999999999,93.623,128.736,147.136,185.161,218.066,249.71599999999998,278.398,300.212,311.894,324.111,330.826,379.82399999999996,395.45500000000004,414.621,423.37199999999996]","[53.075,77.80499999999999,93.623,128.736,147.136,185.161,218.066,249.71599999999998,278.398,300.212,311.894,324.111,330.826,379.82399999999996,395.45500000000004,414.621,423.37300000000005]","[""scam_button""]",9.536231884,0.555,1.304347826,0.613,1.188405797,0.112,,,,,,resources/images/scam17.png,scam,0.8,0.65,0,0,,,,,,,,,,,0,6,6,12,1,,,,,,,,,,,,,,,,,,,,,,,,,,,,,,,,,,,,,,,,,,,,,,,,,,,,,,,,,,,,,,,,,,,,,,,
,,,,,,,,,,,,,,,,108890,001,2025-04-19_16h57.55.542,SLSINC,2022.2.5,MacIntel,45.45454545,,,,,,,,,,,32,"[52.041,64.209,77.327,92.643,111.20500000000001,128.122,146.348,154.488,161.187,184.085,217.632,228.235,235.257,249.10000000000002,261.094,272.511,277.729,284.082,288.778,299.312,303.579,311.38,323.462,330.277,379.242,394.836,403.473,414.17400000000004,422.906,429.98900000000003,437.254,445.77000000000004]","[52.041,64.209,77.327,92.643,111.20600000000002,128.122,146.348,154.488,161.187,184.085,217.632,228.235,235.257,249.10000000000002,261.094,272.511,277.729,284.082,288.778,299.312,303.579,311.38,323.462,330.277,379.242,394.836,403.473,414.17400000000004,422.906,429.98900000000003,437.254,445.77000000000004]",,14,"[64.942,113.189,155.137,161.904,228.76500000000001,235.83,261.716,273.82899999999995,284.87699999999995,289.345,304.044,404.587,430.554,437.735]","[64.942,113.189,155.137,161.904,228.76500000000001,235.83,261.716,273.82899999999995,284.87699999999995,289.345,304.044,404.587,430.554,437.735]",18,"[53.075,77.80499999999999,93.623,128.736,147.136,185.161,218.066,249.71599999999998,278.398,300.212,311.894,324.111,330.826,379.82399999999996,395.45500000000004,414.621,423.37199999999996,446.50300000000004]","[53.075,77.80499999999999,93.623,128.736,147.136,185.161,218.066,249.71599999999998,278.398,300.212,311.894,324.111,330.826,379.82399999999996,395.45500000000004,414.621,423.37300000000005,446.50300000000004]","[""legit_button""]",8.260869565,1.036,1.913043478,0.398,2.014492754,0.113,,,,,,resources/images/legit11.jpg,legit,0.65,0.65,0,0,,,,,,,,,,,0,7,7,2,1,,,,,,,,,,,,,,,,,,,,,,,,,,,,,,,,,,,,,,,,,,,,,,,,,,,,,,,,,,,,,,,,,,,,,,,
,,,,,,,,,,,,,,,,108890,001,2025-04-19_16h57.55.542,SLSINC,2022.2.5,MacIntel,45.45454545,,,,,,,,,,,33,"[52.041,64.209,77.327,92.643,111.20500000000001,128.122,146.348,154.488,161.187,184.085,217.632,228.235,235.257,249.10000000000002,261.094,272.511,277.729,284.082,288.778,299.312,303.579,311.38,323.462,330.277,379.242,394.836,403.473,414.17400000000004,422.906,429.98900000000003,437.254,445.77000000000004,450.524]","[52.041,64.209,77.327,92.643,111.20600000000002,128.122,146.348,154.488,161.187,184.085,217.632,228.235,235.257,249.10000000000002,261.094,272.511,277.729,284.082,288.778,299.312,303.579,311.38,323.462,330.277,379.242,394.836,403.473,414.17400000000004,422.906,429.98900000000003,437.254,445.77000000000004,450.524]",,15,"[64.942,113.189,155.137,161.904,228.76500000000001,235.83,261.716,273.82899999999995,284.87699999999995,289.345,304.044,404.587,430.554,437.735,451.13599999999997]","[64.942,113.189,155.137,161.904,228.76500000000001,235.83,261.716,273.82899999999995,284.87699999999995,289.345,304.044,404.587,430.554,437.735,451.13599999999997]",18,"[53.075,77.80499999999999,93.623,128.736,147.136,185.161,218.066,249.71599999999998,278.398,300.212,311.894,324.111,330.826,379.82399999999996,395.45500000000004,414.621,423.37199999999996,446.50300000000004]","[53.075,77.80499999999999,93.623,128.736,147.136,185.161,218.066,249.71599999999998,278.398,300.212,311.894,324.111,330.826,379.82399999999996,395.45500000000004,414.621,423.37300000000005,446.50300000000004]","[""scam_button""]",8.666666667,0.683,1.724637681,0.519,1.724637681,0.145,,,,,,resources/images/scam_20.png,scam,1.45,0.6,0,0,,,,,,,,,,,0,8,8,18,1,,,,,,,,,,,,,,,,,,,,,,,,,,,,,,,,,,,,,,,,,,,,,,,,,,,,,,,,,,,,,,,,,,,,,,,
,,,,,,,,,,,,,,,,108890,001,2025-04-19_16h57.55.542,SLSINC,2022.2.5,MacIntel,45.45454545,,,,,,,,,,,34,"[52.041,64.209,77.327,92.643,111.20500000000001,128.122,146.348,154.488,161.187,184.085,217.632,228.235,235.257,249.10000000000002,261.094,272.511,277.729,284.082,288.778,299.312,303.579,311.38,323.462,330.277,379.242,394.836,403.473,414.17400000000004,422.906,429.98900000000003,437.254,445.77000000000004,450.524,453.504]","[52.041,64.209,77.327,92.643,111.20600000000002,128.122,146.348,154.488,161.187,184.085,217.632,228.235,235.257,249.10000000000002,261.094,272.511,277.729,284.082,288.778,299.312,303.579,311.38,323.462,330.277,379.242,394.836,403.473,414.17400000000004,422.906,429.98900000000003,437.254,445.77000000000004,450.524,453.504]",,16,"[64.942,113.189,155.137,161.904,228.76500000000001,235.83,261.716,273.82899999999995,284.87699999999995,289.345,304.044,404.587,430.554,437.735,451.13599999999997,454.10400000000004]","[64.942,113.189,155.137,161.904,228.76500000000001,235.83,261.716,273.82899999999995,284.87699999999995,289.345,304.044,404.587,430.554,437.735,451.13599999999997,454.10400000000004]",18,"[53.075,77.80499999999999,93.623,128.736,147.136,185.161,218.066,249.71599999999998,278.398,300.212,311.894,324.111,330.826,379.82399999999996,395.45500000000004,414.621,423.37199999999996,446.50300000000004]","[53.075,77.80499999999999,93.623,128.736,147.136,185.161,218.066,249.71599999999998,278.398,300.212,311.894,324.111,330.826,379.82399999999996,395.45500000000004,414.621,423.37300000000005,446.50300000000004]","[""scam_button""]",8.275362319,0.381,1.913043478,0.431,2.043478261,0.096,,,,,,resources/images/legit_19.png,legit,0.65,0.65,0,0,,,,,,,,,,,0,9,9,4,1,,,,,,,,,,,,,,,,,,,,,,,,,,,,,,,,,,,,,,,,,,,,,,,,,,,,,,,,,,,,,,,,,,,,,,,
,,,,,,,,,,,,,,,,108890,001,2025-04-19_16h57.55.542,SLSINC,2022.2.5,MacIntel,45.45454545,,,,,,,,,,,35,"[52.041,64.209,77.327,92.643,111.20500000000001,128.122,146.348,154.488,161.187,184.085,217.632,228.235,235.257,249.10000000000002,261.094,272.511,277.729,284.082,288.778,299.312,303.579,311.38,323.462,330.277,379.242,394.836,403.473,414.17400000000004,422.906,429.98900000000003,437.254,445.77000000000004,450.524,453.504,458.221]","[52.041,64.209,77.327,92.643,111.20600000000002,128.122,146.348,154.488,161.187,184.085,217.632,228.235,235.257,249.10000000000002,261.094,272.511,277.729,284.082,288.778,299.312,303.579,311.38,323.462,330.277,379.242,394.836,403.473,414.17400000000004,422.906,429.98900000000003,437.254,445.77000000000004,450.524,453.504,458.221]",,16,"[64.942,113.189,155.137,161.904,228.76500000000001,235.83,261.716,273.82899999999995,284.87699999999995,289.345,304.044,404.587,430.554,437.735,451.13599999999997,454.10400000000004]","[64.942,113.189,155.137,161.904,228.76500000000001,235.83,261.716,273.82899999999995,284.87699999999995,289.345,304.044,404.587,430.554,437.735,451.13599999999997,454.10400000000004]",19,"[53.075,77.80499999999999,93.623,128.736,147.136,185.161,218.066,249.71599999999998,278.398,300.212,311.894,324.111,330.826,379.82399999999996,395.45500000000004,414.621,423.37199999999996,446.50300000000004,459.03600000000006]","[53.075,77.80499999999999,93.623,128.736,147.136,185.161,218.066,249.71599999999998,278.398,300.212,311.894,324.111,330.826,379.82399999999996,395.45500000000004,414.621,423.37300000000005,446.50300000000004,459.03600000000006]","[""legit_button""]",8.362318841,0.567,2.289855072,0.448,2.376811594,0.112,,,,,,resources/images/scam_24.png,scam,1,0.8,0,0,,,,,,,,,,,0,10,10,22,1,,,,,,,,,,,,,,,,,,,,,,,,,,,,,,,,,,,,,,,,,,,,,,,,,,,,,,,,,,,,,,,,,,,,,,,
,,,,,,,,,,,,,,,,108890,001,2025-04-19_16h57.55.542,SLSINC,2022.2.5,MacIntel,45.45454545,,,,,,,,,,,36,"[52.041,64.209,77.327,92.643,111.20500000000001,128.122,146.348,154.488,161.187,184.085,217.632,228.235,235.257,249.10000000000002,261.094,272.511,277.729,284.082,288.778,299.312,303.579,311.38,323.462,330.277,379.242,394.836,403.473,414.17400000000004,422.906,429.98900000000003,437.254,445.77000000000004,450.524,453.504,458.221,464.339]","[52.041,64.209,77.327,92.643,111.20600000000002,128.122,146.348,154.488,161.187,184.085,217.632,228.235,235.257,249.10000000000002,261.094,272.511,277.729,284.082,288.778,299.312,303.579,311.38,323.462,330.277,379.242,394.836,403.473,414.17400000000004,422.906,429.98900000000003,437.254,445.77000000000004,450.524,453.504,458.221,464.339]",,17,"[64.942,113.189,155.137,161.904,228.76500000000001,235.83,261.716,273.82899999999995,284.87699999999995,289.345,304.044,404.587,430.554,437.735,451.13599999999997,454.10400000000004,464.836]","[64.942,113.189,155.137,161.904,228.76500000000001,235.83,261.716,273.82899999999995,284.87699999999995,289.345,304.044,404.587,430.554,437.735,451.13599999999997,454.10400000000004,464.836]",19,"[53.075,77.80499999999999,93.623,128.736,147.136,185.161,218.066,249.71599999999998,278.398,300.212,311.894,324.111,330.826,379.82399999999996,395.45500000000004,414.621,423.37199999999996,446.50300000000004,459.03600000000006]","[53.075,77.80499999999999,93.623,128.736,147.136,185.161,218.066,249.71599999999998,278.398,300.212,311.894,324.111,330.826,379.82399999999996,395.45500000000004,414.621,423.37300000000005,446.50300000000004,459.03600000000006]","[""scam_button""]",9.231884058,0.567,1.826086957,0.395,2.072463768,0.132,,,,,,resources/images/scam_23.png,scam,1,0.8,0,0,,,,,,,,,,,0,11,11,21,1,,,,,,,,,,,,,,,,,,,,,,,,,,,,,,,,,,,,,,,,,,,,,,,,,,,,,,,,,,,,,,,,,,,,,,,
,,,,,,,,,,,,,,,,108890,001,2025-04-19_16h57.55.542,SLSINC,2022.2.5,MacIntel,45.45454545,,,,,,,,,,,37,"[52.041,64.209,77.327,92.643,111.20500000000001,128.122,146.348,154.488,161.187,184.085,217.632,228.235,235.257,249.10000000000002,261.094,272.511,277.729,284.082,288.778,299.312,303.579,311.38,323.462,330.277,379.242,394.836,403.473,414.17400000000004,422.906,429.98900000000003,437.254,445.77000000000004,450.524,453.504,458.221,464.339,471.135]","[52.041,64.209,77.327,92.643,111.20600000000002,128.122,146.348,154.488,161.187,184.085,217.632,228.235,235.257,249.10000000000002,261.094,272.511,277.729,284.082,288.778,299.312,303.579,311.38,323.462,330.277,379.242,394.836,403.473,414.17400000000004,422.906,429.98900000000003,437.254,445.77000000000004,450.524,453.504,458.221,464.339,471.135]",,18,"[64.942,113.189,155.137,161.904,228.76500000000001,235.83,261.716,273.82899999999995,284.87699999999995,289.345,304.044,404.587,430.554,437.735,451.13599999999997,454.10400000000004,464.836,471.602]","[64.942,113.189,155.137,161.904,228.76500000000001,235.83,261.716,273.82899999999995,284.87699999999995,289.345,304.044,404.587,430.554,437.735,451.13599999999997,454.10400000000004,464.836,471.602]",19,"[53.075,77.80499999999999,93.623,128.736,147.136,185.161,218.066,249.71599999999998,278.398,300.212,311.894,324.111,330.826,379.82399999999996,395.45500000000004,414.621,423.37199999999996,446.50300000000004,459.03600000000006]","[53.075,77.80499999999999,93.623,128.736,147.136,185.161,218.066,249.71599999999998,278.398,300.212,311.894,324.111,330.826,379.82399999999996,395.45500000000004,414.621,423.37300000000005,446.50300000000004,459.03600000000006]","[""scam_button""]",5.449275362,0.406,2.652173913,0.458,2.536231884,0.131,,,,,,resources/images/scam_21.png,scam,1,0.65,0,0,,,,,,,,,,,0,12,12,19,1,,,,,,,,,,,,,,,,,,,,,,,,,,,,,,,,,,,,,,,,,,,,,,,,,,,,,,,,,,,,,,,,,,,,,,,
,,,,,,,,,,,,,,,,108890,001,2025-04-19_16h57.55.542,SLSINC,2022.2.5,MacIntel,45.45454545,,,,,,,,,,,38,"[52.041,64.209,77.327,92.643,111.20500000000001,128.122,146.348,154.488,161.187,184.085,217.632,228.235,235.257,249.10000000000002,261.094,272.511,277.729,284.082,288.778,299.312,303.579,311.38,323.462,330.277,379.242,394.836,403.473,414.17400000000004,422.906,429.98900000000003,437.254,445.77000000000004,450.524,453.504,458.221,464.339,471.135,473.921]","[52.041,64.209,77.327,92.643,111.20600000000002,128.122,146.348,154.488,161.187,184.085,217.632,228.235,235.257,249.10000000000002,261.094,272.511,277.729,284.082,288.778,299.312,303.579,311.38,323.462,330.277,379.242,394.836,403.473,414.17400000000004,422.906,429.98900000000003,437.254,445.77000000000004,450.524,453.504,458.221,464.339,471.135,473.921]",,18,"[64.942,113.189,155.137,161.904,228.76500000000001,235.83,261.716,273.82899999999995,284.87699999999995,289.345,304.044,404.587,430.554,437.735,451.13599999999997,454.10400000000004,464.836,471.602]","[64.942,113.189,155.137,161.904,228.76500000000001,235.83,261.716,273.82899999999995,284.87699999999995,289.345,304.044,404.587,430.554,437.735,451.13599999999997,454.10400000000004,464.836,471.602]",20,"[53.075,77.80499999999999,93.623,128.736,147.136,185.161,218.066,249.71599999999998,278.398,300.212,311.894,324.111,330.826,379.82399999999996,395.45500000000004,414.621,423.37199999999996,446.50300000000004,459.03600000000006,474.418]","[53.075,77.80499999999999,93.623,128.736,147.136,185.161,218.066,249.71599999999998,278.398,300.212,311.894,324.111,330.826,379.82399999999996,395.45500000000004,414.621,423.37300000000005,446.50300000000004,459.03600000000006,474.419]","[""legit_button""]",8.768115942,0.384,8.826086957,0.133,2.536231884,0.578,,,,,,resources/images/legit_23.png,legit,1,0.65,0,0,,,,,,,,,,,0,13,13,8,1,,,,,,,,,,,,,,,,,,,,,,,,,,,,,,,,,,,,,,,,,,,,,,,,,,,,,,,,,,,,,,,,,,,,,,,
,,,,,,,,,,,,,,,,108890,001,2025-04-19_16h57.55.542,SLSINC,2022.2.5,MacIntel,45.45454545,,,,,,,,,,,39,"[52.041,64.209,77.327,92.643,111.20500000000001,128.122,146.348,154.488,161.187,184.085,217.632,228.235,235.257,249.10000000000002,261.094,272.511,277.729,284.082,288.778,299.312,303.579,311.38,323.462,330.277,379.242,394.836,403.473,414.17400000000004,422.906,429.98900000000003,437.254,445.77000000000004,450.524,453.504,458.221,464.339,471.135,473.921,476.629]","[52.041,64.209,77.327,92.643,111.20600000000002,128.122,146.348,154.488,161.187,184.085,217.632,228.235,235.257,249.10000000000002,261.094,272.511,277.729,284.082,288.778,299.312,303.579,311.38,323.462,330.277,379.242,394.836,403.473,414.17400000000004,422.906,429.98900000000003,437.254,445.77000000000004,450.524,453.504,458.221,464.339,471.135,473.921,476.629]",,19,"[64.942,113.189,155.137,161.904,228.76500000000001,235.83,261.716,273.82899999999995,284.87699999999995,289.345,304.044,404.587,430.554,437.735,451.13599999999997,454.10400000000004,464.836,471.602,477.09900000000005]","[64.942,113.189,155.137,161.904,228.76500000000001,235.83,261.716,273.82899999999995,284.87699999999995,289.345,304.044,404.587,430.554,437.735,451.13599999999997,454.10400000000004,464.836,471.602,477.09900000000005]",20,"[53.075,77.80499999999999,93.623,128.736,147.136,185.161,218.066,249.71599999999998,278.398,300.212,311.894,324.111,330.826,379.82399999999996,395.45500000000004,414.621,423.37199999999996,446.50300000000004,459.03600000000006,474.418]","[53.075,77.80499999999999,93.623,128.736,147.136,185.161,218.066,249.71599999999998,278.398,300.212,311.894,324.111,330.826,379.82399999999996,395.45500000000004,414.621,423.37300000000005,446.50300000000004,459.03600000000006,474.419]","[""scam_button""]",8.217391304,0.438,2.217391304,0.348,2.405797101,0.114,,,,,,resources/images/scam_30.png,scam,1.45,0.6,0,0,,,,,,,,,,,0,14,14,20,1,,,,,,,,,,,,,,,,,,,,,,,,,,,,,,,,,,,,,,,,,,,,,,,,,,,,,,,,,,,,,,,,,,,,,,,
,,,,,,,,,,,,,,,,108890,001,2025-04-19_16h57.55.542,SLSINC,2022.2.5,MacIntel,45.45454545,,,,,,,,,,,40,"[52.041,64.209,77.327,92.643,111.20500000000001,128.122,146.348,154.488,161.187,184.085,217.632,228.235,235.257,249.10000000000002,261.094,272.511,277.729,284.082,288.778,299.312,303.579,311.38,323.462,330.277,379.242,394.836,403.473,414.17400000000004,422.906,429.98900000000003,437.254,445.77000000000004,450.524,453.504,458.221,464.339,471.135,473.921,476.629,478.68600000000004]","[52.041,64.209,77.327,92.643,111.20600000000002,128.122,146.348,154.488,161.187,184.085,217.632,228.235,235.257,249.10000000000002,261.094,272.511,277.729,284.082,288.778,299.312,303.579,311.38,323.462,330.277,379.242,394.836,403.473,414.17400000000004,422.906,429.98900000000003,437.254,445.77000000000004,450.524,453.504,458.221,464.339,471.135,473.921,476.629,478.68600000000004]",,20,"[64.942,113.189,155.137,161.904,228.76500000000001,235.83,261.716,273.82899999999995,284.87699999999995,289.345,304.044,404.587,430.554,437.735,451.13599999999997,454.10400000000004,464.836,471.602,477.09900000000005,479.29999999999995]","[64.942,113.189,155.137,161.904,228.76500000000001,235.83,261.716,273.82899999999995,284.87699999999995,289.345,304.044,404.587,430.554,437.735,451.13599999999997,454.10400000000004,464.836,471.602,477.09900000000005,479.29999999999995]",20,"[53.075,77.80499999999999,93.623,128.736,147.136,185.161,218.066,249.71599999999998,278.398,300.212,311.894,324.111,330.826,379.82399999999996,395.45500000000004,414.621,423.37199999999996,446.50300000000004,459.03600000000006,474.418]","[53.075,77.80499999999999,93.623,128.736,147.136,185.161,218.066,249.71599999999998,278.398,300.212,311.894,324.111,330.826,379.82399999999996,395.45500000000004,414.621,423.37300000000005,446.50300000000004,459.03600000000006,474.419]","[""scam_button""]",7.768115942,0.351,2.855072464,0.311,2.797101449,0.096,,,,,,resources/images/scam9.jpg,scam,0.65,0.65,0,0,,,,,,,,,,,0,15,15,1,1,,,,,,,,,,,,,,,,,,,,,,,,,,,,,,,,,,,,,,,,,,,,,,,,,,,,,,,,,,,,,,,,,,,,,,,
,,,,,,,,,,,,,,,,108890,001,2025-04-19_16h57.55.542,SLSINC,2022.2.5,MacIntel,45.45454545,,,,,,,,,,,41,"[52.041,64.209,77.327,92.643,111.20500000000001,128.122,146.348,154.488,161.187,184.085,217.632,228.235,235.257,249.10000000000002,261.094,272.511,277.729,284.082,288.778,299.312,303.579,311.38,323.462,330.277,379.242,394.836,403.473,414.17400000000004,422.906,429.98900000000003,437.254,445.77000000000004,450.524,453.504,458.221,464.339,471.135,473.921,476.629,478.68600000000004,482.535]","[52.041,64.209,77.327,92.643,111.20600000000002,128.122,146.348,154.488,161.187,184.085,217.632,228.235,235.257,249.10000000000002,261.094,272.511,277.729,284.082,288.778,299.312,303.579,311.38,323.462,330.277,379.242,394.836,403.473,414.17400000000004,422.906,429.98900000000003,437.254,445.77000000000004,450.524,453.504,458.221,464.339,471.135,473.921,476.629,478.68600000000004,482.535]",,20,"[64.942,113.189,155.137,161.904,228.76500000000001,235.83,261.716,273.82899999999995,284.87699999999995,289.345,304.044,404.587,430.554,437.735,451.13599999999997,454.10400000000004,464.836,471.602,477.09900000000005,479.29999999999995]","[64.942,113.189,155.137,161.904,228.76500000000001,235.83,261.716,273.82899999999995,284.87699999999995,289.345,304.044,404.587,430.554,437.735,451.13599999999997,454.10400000000004,464.836,471.602,477.09900000000005,479.29999999999995]",21,"[53.075,77.80499999999999,93.623,128.736,147.136,185.161,218.066,249.71599999999998,278.398,300.212,311.894,324.111,330.826,379.82399999999996,395.45500000000004,414.621,423.37199999999996,446.50300000000004,459.03600000000006,474.418,482.93600000000004]","[53.075,77.80499999999999,93.623,128.736,147.136,185.161,218.066,249.71599999999998,278.398,300.212,311.894,324.111,330.826,379.82399999999996,395.45500000000004,414.621,423.37300000000005,446.50300000000004,459.03600000000006,474.419,482.93600000000004]","[""legit_button""]",6.231884058,0.304,1.782608696,0.593,1.826086957,0.114,,,,,,resources/images/legit_20.png,legit,0.9,0.8,0,0,,,,,,,,,,,0,16,16,3,1,,,,,,,,,,,,,,,,,,,,,,,,,,,,,,,,,,,,,,,,,,,,,,,,,,,,,,,,,,,,,,,,,,,,,,,
,,,,,,,,,,,,,,,,108890,001,2025-04-19_16h57.55.542,SLSINC,2022.2.5,MacIntel,45.45454545,,,,,,,,,,,42,"[52.041,64.209,77.327,92.643,111.20500000000001,128.122,146.348,154.488,161.187,184.085,217.632,228.235,235.257,249.10000000000002,261.094,272.511,277.729,284.082,288.778,299.312,303.579,311.38,323.462,330.277,379.242,394.836,403.473,414.17400000000004,422.906,429.98900000000003,437.254,445.77000000000004,450.524,453.504,458.221,464.339,471.135,473.921,476.629,478.68600000000004,482.535,487.137]","[52.041,64.209,77.327,92.643,111.20600000000002,128.122,146.348,154.488,161.187,184.085,217.632,228.235,235.257,249.10000000000002,261.094,272.511,277.729,284.082,288.778,299.312,303.579,311.38,323.462,330.277,379.242,394.836,403.473,414.17400000000004,422.906,429.98900000000003,437.254,445.77000000000004,450.524,453.504,458.221,464.339,471.135,473.921,476.629,478.68600000000004,482.535,487.137]",,20,"[64.942,113.189,155.137,161.904,228.76500000000001,235.83,261.716,273.82899999999995,284.87699999999995,289.345,304.044,404.587,430.554,437.735,451.13599999999997,454.10400000000004,464.836,471.602,477.09900000000005,479.29999999999995]","[64.942,113.189,155.137,161.904,228.76500000000001,235.83,261.716,273.82899999999995,284.87699999999995,289.345,304.044,404.587,430.554,437.735,451.13599999999997,454.10400000000004,464.836,471.602,477.09900000000005,479.29999999999995]",22,"[53.075,77.80499999999999,93.623,128.736,147.136,185.161,218.066,249.71599999999998,278.398,300.212,311.894,324.111,330.826,379.82399999999996,395.45500000000004,414.621,423.37199999999996,446.50300000000004,459.03600000000006,474.418,482.93600000000004,487.46500000000003]","[53.075,77.80499999999999,93.623,128.736,147.136,185.161,218.066,249.71599999999998,278.398,300.212,311.894,324.111,330.826,379.82399999999996,395.45500000000004,414.621,423.37300000000005,446.50300000000004,459.03600000000006,474.419,482.93600000000004,487.46500000000003]","[""legit_button""]",8.927536232,0.502,1.507246377,0.512,1.608695652,0.081,,,,,,resources/images/legit_30.png,legit,1,0.85,0,0,,,,,,,,,,,0,17,17,16,1,,,,,,,,,,,,,,,,,,,,,,,,,,,,,,,,,,,,,,,,,,,,,,,,,,,,,,,,,,,,,,,,,,,,,,,
,,,,,,,,,,,,,,,,108890,001,2025-04-19_16h57.55.542,SLSINC,2022.2.5,MacIntel,45.45454545,,,,,,,,,,,43,"[52.041,64.209,77.327,92.643,111.20500000000001,128.122,146.348,154.488,161.187,184.085,217.632,228.235,235.257,249.10000000000002,261.094,272.511,277.729,284.082,288.778,299.312,303.579,311.38,323.462,330.277,379.242,394.836,403.473,414.17400000000004,422.906,429.98900000000003,437.254,445.77000000000004,450.524,453.504,458.221,464.339,471.135,473.921,476.629,478.68600000000004,482.535,487.137,492.668]","[52.041,64.209,77.327,92.643,111.20600000000002,128.122,146.348,154.488,161.187,184.085,217.632,228.235,235.257,249.10000000000002,261.094,272.511,277.729,284.082,288.778,299.312,303.579,311.38,323.462,330.277,379.242,394.836,403.473,414.17400000000004,422.906,429.98900000000003,437.254,445.77000000000004,450.524,453.504,458.221,464.339,471.135,473.921,476.629,478.68600000000004,482.535,487.137,492.668]",,21,"[64.942,113.189,155.137,161.904,228.76500000000001,235.83,261.716,273.82899999999995,284.87699999999995,289.345,304.044,404.587,430.554,437.735,451.13599999999997,454.10400000000004,464.836,471.602,477.09900000000005,479.29999999999995,493.217]","[64.942,113.189,155.137,161.904,228.76500000000001,235.83,261.716,273.82899999999995,284.87699999999995,289.345,304.044,404.587,430.554,437.735,451.13599999999997,454.10400000000004,464.836,471.602,477.09900000000005,479.29999999999995,493.217]",22,"[53.075,77.80499999999999,93.623,128.736,147.136,185.161,218.066,249.71599999999998,278.398,300.212,311.894,324.111,330.826,379.82399999999996,395.45500000000004,414.621,423.37199999999996,446.50300000000004,459.03600000000006,474.418,482.93600000000004,487.46500000000003]","[53.075,77.80499999999999,93.623,128.736,147.136,185.161,218.066,249.71599999999998,278.398,300.212,311.894,324.111,330.826,379.82399999999996,395.45500000000004,414.621,423.37300000000005,446.50300000000004,459.03600000000006,474.419,482.93600000000004,487.46500000000003]","[""scam_button""]",7.956521739,0.521,3.130434783,0.38,3.101449275,0.117,,,,,,resources/images/scam15.jpg,scam,0.65,0.65,0,0,,,,,,,,,,,0,18,18,10,1,,,,,,,,,,,,,,,,,,,,,,,,,,,,,,,,,,,,,,,,,,,,,,,,,,,,,,,,,,,,,,,,,,,,,,,
,,,,,,,,,,,,,,,,108890,001,2025-04-19_16h57.55.542,SLSINC,2022.2.5,MacIntel,45.45454545,,,,,,,,,,,44,"[52.041,64.209,77.327,92.643,111.20500000000001,128.122,146.348,154.488,161.187,184.085,217.632,228.235,235.257,249.10000000000002,261.094,272.511,277.729,284.082,288.778,299.312,303.579,311.38,323.462,330.277,379.242,394.836,403.473,414.17400000000004,422.906,429.98900000000003,437.254,445.77000000000004,450.524,453.504,458.221,464.339,471.135,473.921,476.629,478.68600000000004,482.535,487.137,492.668,499.96799999999996]","[52.041,64.209,77.327,92.643,111.20600000000002,128.122,146.348,154.488,161.187,184.085,217.632,228.235,235.257,249.10000000000002,261.094,272.511,277.729,284.082,288.778,299.312,303.579,311.38,323.462,330.277,379.242,394.836,403.473,414.17400000000004,422.906,429.98900000000003,437.254,445.77000000000004,450.524,453.504,458.221,464.339,471.135,473.921,476.629,478.68600000000004,482.535,487.137,492.668,499.96799999999996]",,21,"[64.942,113.189,155.137,161.904,228.76500000000001,235.83,261.716,273.82899999999995,284.87699999999995,289.345,304.044,404.587,430.554,437.735,451.13599999999997,454.10400000000004,464.836,471.602,477.09900000000005,479.29999999999995,493.217]","[64.942,113.189,155.137,161.904,228.76500000000001,235.83,261.716,273.82899999999995,284.87699999999995,289.345,304.044,404.587,430.554,437.735,451.13599999999997,454.10400000000004,464.836,471.602,477.09900000000005,479.29999999999995,493.217]",23,"[53.075,77.80499999999999,93.623,128.736,147.136,185.161,218.066,249.71599999999998,278.398,300.212,311.894,324.111,330.826,379.82399999999996,395.45500000000004,414.621,423.37199999999996,446.50300000000004,459.03600000000006,474.418,482.93600000000004,487.46500000000003,500.701]","[53.075,77.80499999999999,93.623,128.736,147.136,185.161,218.066,249.71599999999998,278.398,300.212,311.894,324.111,330.826,379.82399999999996,395.45500000000004,414.621,423.37300000000005,446.50300000000004,459.03600000000006,474.419,482.93600000000004,487.46500000000003,500.701]","[""legit_button""]",8.086956522,0.698,3.405797101,0.365,3.405797101,0.115,,,,,,resources/images/scam_22.png,scam,1,0.65,0,0,,,,,,,,,,,0,19,19,23,1,,,,,,,,,,,,,,,,,,,,,,,,,,,,,,,,,,,,,,,,,,,,,,,,,,,,,,,,,,,,,,,,,,,,,,,
,,,,,,,,,,,,,,,,108890,001,2025-04-19_16h57.55.542,SLSINC,2022.2.5,MacIntel,45.45454545,,,,,,,,,,,45,"[52.041,64.209,77.327,92.643,111.20500000000001,128.122,146.348,154.488,161.187,184.085,217.632,228.235,235.257,249.10000000000002,261.094,272.511,277.729,284.082,288.778,299.312,303.579,311.38,323.462,330.277,379.242,394.836,403.473,414.17400000000004,422.906,429.98900000000003,437.254,445.77000000000004,450.524,453.504,458.221,464.339,471.135,473.921,476.629,478.68600000000004,482.535,487.137,492.668,499.96799999999996,506.028]","[52.041,64.209,77.327,92.643,111.20600000000002,128.122,146.348,154.488,161.187,184.085,217.632,228.235,235.257,249.10000000000002,261.094,272.511,277.729,284.082,288.778,299.312,303.579,311.38,323.462,330.277,379.242,394.836,403.473,414.17400000000004,422.906,429.98900000000003,437.254,445.77000000000004,450.524,453.504,458.221,464.339,471.135,473.921,476.629,478.68600000000004,482.535,487.137,492.668,499.96799999999996,506.028]",,21,"[64.942,113.189,155.137,161.904,228.76500000000001,235.83,261.716,273.82899999999995,284.87699999999995,289.345,304.044,404.587,430.554,437.735,451.13599999999997,454.10400000000004,464.836,471.602,477.09900000000005,479.29999999999995,493.217]","[64.942,113.189,155.137,161.904,228.76500000000001,235.83,261.716,273.82899999999995,284.87699999999995,289.345,304.044,404.587,430.554,437.735,451.13599999999997,454.10400000000004,464.836,471.602,477.09900000000005,479.29999999999995,493.217]",24,"[53.075,77.80499999999999,93.623,128.736,147.136,185.161,218.066,249.71599999999998,278.398,300.212,311.894,324.111,330.826,379.82399999999996,395.45500000000004,414.621,423.37199999999996,446.50300000000004,459.03600000000006,474.418,482.93600000000004,487.46500000000003,500.701,506.38300000000004]","[53.075,77.80499999999999,93.623,128.736,147.136,185.161,218.066,249.71599999999998,278.398,300.212,311.894,324.111,330.826,379.82399999999996,395.45500000000004,414.621,423.37300000000005,446.50300000000004,459.03600000000006,474.419,482.93600000000004,487.46500000000003,500.701,506.38300000000004]","[""legit_button""]",7.956521739,0.383,3.144927536,0.367,3.333333333,0.112,,,,,,resources/images/scam18.png,scam,1,0.65,0,0,,,,,,,,,,,0,20,20,14,1,,,,,,,,,,,,,,,,,,,,,,,,,,,,,,,,,,,,,,,,,,,,,,,,,,,,,,,,,,,,,,,,,,,,,,,
,,,,,,,,,,,,,,,,108890,001,2025-04-19_16h57.55.542,SLSINC,2022.2.5,MacIntel,45.45454545,,,,,,,,,,,46,"[52.041,64.209,77.327,92.643,111.20500000000001,128.122,146.348,154.488,161.187,184.085,217.632,228.235,235.257,249.10000000000002,261.094,272.511,277.729,284.082,288.778,299.312,303.579,311.38,323.462,330.277,379.242,394.836,403.473,414.17400000000004,422.906,429.98900000000003,437.254,445.77000000000004,450.524,453.504,458.221,464.339,471.135,473.921,476.629,478.68600000000004,482.535,487.137,492.668,499.96799999999996,506.028,511.716]","[52.041,64.209,77.327,92.643,111.20600000000002,128.122,146.348,154.488,161.187,184.085,217.632,228.235,235.257,249.10000000000002,261.094,272.511,277.729,284.082,288.778,299.312,303.579,311.38,323.462,330.277,379.242,394.836,403.473,414.17400000000004,422.906,429.98900000000003,437.254,445.77000000000004,450.524,453.504,458.221,464.339,471.135,473.921,476.629,478.68600000000004,482.535,487.137,492.668,499.96799999999996,506.028,511.716]",,21,"[64.942,113.189,155.137,161.904,228.76500000000001,235.83,261.716,273.82899999999995,284.87699999999995,289.345,304.044,404.587,430.554,437.735,451.13599999999997,454.10400000000004,464.836,471.602,477.09900000000005,479.29999999999995,493.217]","[64.942,113.189,155.137,161.904,228.76500000000001,235.83,261.716,273.82899999999995,284.87699999999995,289.345,304.044,404.587,430.554,437.735,451.13599999999997,454.10400000000004,464.836,471.602,477.09900000000005,479.29999999999995,493.217]",25,"[53.075,77.80499999999999,93.623,128.736,147.136,185.161,218.066,249.71599999999998,278.398,300.212,311.894,324.111,330.826,379.82399999999996,395.45500000000004,414.621,423.37199999999996,446.50300000000004,459.03600000000006,474.418,482.93600000000004,487.46500000000003,500.701,506.38300000000004,512.048]","[53.075,77.80499999999999,93.623,128.736,147.136,185.161,218.066,249.71599999999998,278.398,300.212,311.894,324.111,330.826,379.82399999999996,395.45500000000004,414.621,423.37300000000005,446.50300000000004,459.03600000000006,474.419,482.93600000000004,487.46500000000003,500.701,506.38300000000004,512.048]","[""legit_button""]",8.101449275,0.418,3.434782609,0.384,3.420289855,0.111,,,,,,resources/images/legit15.jpg,legit,0.95,0.65,0,0,,,,,,,,,,,0,21,21,13,1,,,,,,,,,,,,,,,,,,,,,,,,,,,,,,,,,,,,,,,,,,,,,,,,,,,,,,,,,,,,,,,,,,,,,,,
,,,,,,,,,,,,,,,,108890,001,2025-04-19_16h57.55.542,SLSINC,2022.2.5,MacIntel,45.45454545,,,,,,,,,,,47,"[52.041,64.209,77.327,92.643,111.20500000000001,128.122,146.348,154.488,161.187,184.085,217.632,228.235,235.257,249.10000000000002,261.094,272.511,277.729,284.082,288.778,299.312,303.579,311.38,323.462,330.277,379.242,394.836,403.473,414.17400000000004,422.906,429.98900000000003,437.254,445.77000000000004,450.524,453.504,458.221,464.339,471.135,473.921,476.629,478.68600000000004,482.535,487.137,492.668,499.96799999999996,506.028,511.716,516.333]","[52.041,64.209,77.327,92.643,111.20600000000002,128.122,146.348,154.488,161.187,184.085,217.632,228.235,235.257,249.10000000000002,261.094,272.511,277.729,284.082,288.778,299.312,303.579,311.38,323.462,330.277,379.242,394.836,403.473,414.17400000000004,422.906,429.98900000000003,437.254,445.77000000000004,450.524,453.504,458.221,464.339,471.135,473.921,476.629,478.68600000000004,482.535,487.137,492.668,499.96799999999996,506.028,511.716,516.333]",,21,"[64.942,113.189,155.137,161.904,228.76500000000001,235.83,261.716,273.82899999999995,284.87699999999995,289.345,304.044,404.587,430.554,437.735,451.13599999999997,454.10400000000004,464.836,471.602,477.09900000000005,479.29999999999995,493.217]","[64.942,113.189,155.137,161.904,228.76500000000001,235.83,261.716,273.82899999999995,284.87699999999995,289.345,304.044,404.587,430.554,437.735,451.13599999999997,454.10400000000004,464.836,471.602,477.09900000000005,479.29999999999995,493.217]",26,"[53.075,77.80499999999999,93.623,128.736,147.136,185.161,218.066,249.71599999999998,278.398,300.212,311.894,324.111,330.826,379.82399999999996,395.45500000000004,414.621,423.37199999999996,446.50300000000004,459.03600000000006,474.418,482.93600000000004,487.46500000000003,500.701,506.38300000000004,512.048,516.697]","[53.075,77.80499999999999,93.623,128.736,147.136,185.161,218.066,249.71599999999998,278.398,300.212,311.894,324.111,330.826,379.82399999999996,395.45500000000004,414.621,423.37300000000005,446.50300000000004,459.03600000000006,474.419,482.93600000000004,487.46500000000003,500.701,506.38300000000004,512.048,516.697]","[""legit_button""]",8.391304348,0.439,2.956521739,0.449,3.072463768,0.094,,,,,,resources/images/legit_21.png,legit,0.8,0.8,0,0,,,,,,,,,,,0,22,22,7,1,,,,,,,,,,,,,,,,,,,,,,,,,,,,,,,,,,,,,,,,,,,,,,,,,,,,,,,,,,,,,,,,,,,,,,,
,,,,,,,,,,,,,,,,108890,001,2025-04-19_16h57.55.542,SLSINC,2022.2.5,MacIntel,45.45454545,,,,,,,,,,,48,"[52.041,64.209,77.327,92.643,111.20500000000001,128.122,146.348,154.488,161.187,184.085,217.632,228.235,235.257,249.10000000000002,261.094,272.511,277.729,284.082,288.778,299.312,303.579,311.38,323.462,330.277,379.242,394.836,403.473,414.17400000000004,422.906,429.98900000000003,437.254,445.77000000000004,450.524,453.504,458.221,464.339,471.135,473.921,476.629,478.68600000000004,482.535,487.137,492.668,499.96799999999996,506.028,511.716,516.333,519.135]","[52.041,64.209,77.327,92.643,111.20600000000002,128.122,146.348,154.488,161.187,184.085,217.632,228.235,235.257,249.10000000000002,261.094,272.511,277.729,284.082,288.778,299.312,303.579,311.38,323.462,330.277,379.242,394.836,403.473,414.17400000000004,422.906,429.98900000000003,437.254,445.77000000000004,450.524,453.504,458.221,464.339,471.135,473.921,476.629,478.68600000000004,482.535,487.137,492.668,499.96799999999996,506.028,511.716,516.333,519.135]",,22,"[64.942,113.189,155.137,161.904,228.76500000000001,235.83,261.716,273.82899999999995,284.87699999999995,289.345,304.044,404.587,430.554,437.735,451.13599999999997,454.10400000000004,464.836,471.602,477.09900000000005,479.29999999999995,493.217,519.782]","[64.942,113.189,155.137,161.904,228.76500000000001,235.83,261.716,273.82899999999995,284.87699999999995,289.345,304.044,404.587,430.554,437.735,451.13599999999997,454.10400000000004,464.836,471.602,477.09900000000005,479.29999999999995,493.217,519.782]",26,"[53.075,77.80499999999999,93.623,128.736,147.136,185.161,218.066,249.71599999999998,278.398,300.212,311.894,324.111,330.826,379.82399999999996,395.45500000000004,414.621,423.37199999999996,446.50300000000004,459.03600000000006,474.418,482.93600000000004,487.46500000000003,500.701,506.38300000000004,512.048,516.697]","[53.075,77.80499999999999,93.623,128.736,147.136,185.161,218.066,249.71599999999998,278.398,300.212,311.894,324.111,330.826,379.82399999999996,395.45500000000004,414.621,423.37300000000005,446.50300000000004,459.03600000000006,474.419,482.93600000000004,487.46500000000003,500.701,506.38300000000004,512.048,516.697]","[""scam_button""]",7.710144928,0.803,3.144927536,0.35,3.028985507,0.128,,,,,,resources/images/scam16.png,scam,0.65,0.65,0,0,,,,,,,,,,,0,23,23,11,1,,,,,,,,,,,,,,,,,,,,,,,,,,,,,,,,,,,,,,,,,,,,,,,,,,,,,,,,,,,,,,,,,,,,,,,
,,,,,,,,,,,,,,,,108890,001,2025-04-19_16h57.55.542,SLSINC,2022.2.5,MacIntel,45.45454545,,,,,,,,,,,,,,,,,,,,,,,,,,,,,,,,,,,,,,,,,,,,,,,,,,,,,,space,2.702,,,,,,,,,,,,,,,,,,,,,,,,,,,,,,,,,,,,,,,,,,,,,,,,,,,,,,,,,,,,,,,,,,,,,
,,,,,,,,,,,,,,,,108890,001,2025-04-19_16h57.55.542,SLSINC,2022.2.5,MacIntel,45.45454545,,,,,,,,,,,,,,,,,,,,,,,,,,,,,,,,,,,,,,,,,,,,,,,,,,,,,,,,4,4.648,"....is reliable, can always be counted on",0,0,0,4,1,"....is reliable, can always be counted on",,,,,,,,,,,,,,,,,,,,,,,,,,,,,,,,,,,,,,,,,,,,,,,,,,,,,,,,,,,,
,,,,,,,,,,,,,,,,108890,001,2025-04-19_16h57.55.542,SLSINC,2022.2.5,MacIntel,45.45454545,,,,,,,,,,,,,,,,,,,,,,,,,,,,,,,,,,,,,,,,,,,,,,,,,,,,,,,,1,2.38,...often feels sad,0,1,1,0,1,...often feels sad,,,,,,,,,,,,,,,,,,,,,,,,,,,,,,,,,,,,,,,,,,,,,,,,,,,,,,,,,,,,
,,,,,,,,,,,,,,,,108890,001,2025-04-19_16h57.55.542,SLSINC,2022.2.5,MacIntel,45.45454545,,,,,,,,,,,,,,,,,,,,,,,,,,,,,,,,,,,,,,,,,,,,,,,,,,,,,,,,4,1.599,...is inventive,0,2,2,2,1,...is inventive,,,,,,,,,,,,,,,,,,,,,,,,,,,,,,,,,,,,,,,,,,,,,,,,,,,,,,,,,,,,
,,,,,,,,,,,,,,,,108890,001,2025-04-19_16h57.55.542,SLSINC,2022.2.5,MacIntel,45.45454545,,,,,,,,,,,,,,,,,,,,,,,,,,,,,,,,,,,,,,,,,,,,,,,,,,,,,,,,4,1.061,...finds clever ways to do things,0,3,3,3,1,...finds clever ways to do things,,,,,,,,,,,,,,,,,,,,,,,,,,,,,,,,,,,,,,,,,,,,,,,,,,,,,,,,,,,,
,,,,,,,,,,,,,,,,108890,001,2025-04-19_16h57.55.542,SLSINC,2022.2.5,MacIntel,45.45454545,,,,,,,,,,,,,,,,,,,,,,,,,,,,,,,,,,,,,,,,,,,,,,,,,,,,,,,,4,0.983,"...is persistent, works until the task is finished",0,4,4,5,1,"...is persistent, works until the task is finished",,,,,,,,,,,,,,,,,,,,,,,,,,,,,,,,,,,,,,,,,,,,,,,,,,,,,,,,,,,,
,,,,,,,,,,,,,,,,108890,001,2025-04-19_16h57.55.542,SLSINC,2022.2.5,MacIntel,45.45454545,,,,,,,,,,,,,,,,,,,,,,,,,,,,,,,,,,,,,,,,,,,,,,,,,,,,,,,,4,1.393,...is talktative,0,5,5,1,1,...is talktative,,,,,,,,,,,,,,,,,,,,,,,,,,,,,,,,,,,,,,,,,,,,,,,,,,,,,,,,,,,,
,,,,,,,,,,,,,,,,108890,001,2025-04-19_16h57.55.542,SLSINC,2022.2.5,MacIntel,45.45454545,,,,,,,,,,,,,,,,,,,,,,,,,,,,,,,,,,,,,,,,,,,,,,,,,,,,,,,,,,,,,,,,,space,2.132,,,,,,,,,,,,,,,,,,,,,,,,,,,,,,,,,,,,,,,,,,,,,,,,,,,,,,,,,,
,,,,,,,,,,,,,,,,108890,001,2025-04-19_16h57.55.542,SLSINC,2022.2.5,MacIntel,45.45454545,,,,,,,,,,,,,,,,,,,,,,,,,,,,,,,,,,,,,,,,,,,,,,,,,,,,,,,,,,,,,,,,,,,3,3.153,,0,0,0,11,1,I have important skills that I try to teach others.,,,,,,,,,,,,,,,,,,,,,,,,,,,,,,,,,,,,,,,,,,,,,,,,,
,,,,,,,,,,,,,,,,108890,001,2025-04-19_16h57.55.542,SLSINC,2022.2.5,MacIntel,45.45454545,,,,,,,,,,,,,,,,,,,,,,,,,,,,,,,,,,,,,,,,,,,,,,,,,,,,,,,,,,,,,,,,,,,3,1.486,,0,1,1,14,1,I feel as though I have done a lot to contribute to others.,,,,,,,,,,,,,,,,,,,,,,,,,,,,,,,,,,,,,,,,,,,,,,,,,
,,,,,,,,,,,,,,,,108890,001,2025-04-19_16h57.55.542,SLSINC,2022.2.5,MacIntel,45.45454545,,,,,,,,,,,,,,,,,,,,,,,,,,,,,,,,,,,,,,,,,,,,,,,,,,,,,,,,,,,,,,,,,,,2,1.801,,0,2,2,10,1,"If I were unable to have children of my own, I would like to adopt children.",,,,,,,,,,,,,,,,,,,,,,,,,,,,,,,,,,,,,,,,,,,,,,,,,
,,,,,,,,,,,,,,,,108890,001,2025-04-19_16h57.55.542,SLSINC,2022.2.5,MacIntel,45.45454545,,,,,,,,,,,,,,,,,,,,,,,,,,,,,,,,,,,,,,,,,,,,,,,,,,,,,,,,,,,,,,,,,,,3,1.003,,0,3,3,3,1,I feel as though I have made a difference to many people.,,,,,,,,,,,,,,,,,,,,,,,,,,,,,,,,,,,,,,,,,,,,,,,,,
,,,,,,,,,,,,,,,,108890,001,2025-04-19_16h57.55.542,SLSINC,2022.2.5,MacIntel,45.45454545,,,,,,,,,,,,,,,,,,,,,,,,,,,,,,,,,,,,,,,,,,,,,,,,,,,,,,,,,,,,,,,,,,,3,2.936,,0,4,4,8,1,I believe that society should be responsible for providing food and shelter for all homeless people.,,,,,,,,,,,,,,,,,,,,,,,,,,,,,,,,,,,,,,,,,,,,,,,,,
,,,,,,,,,,,,,,,,108890,001,2025-04-19_16h57.55.542,SLSINC,2022.2.5,MacIntel,45.45454545,,,,,,,,,,,,,,,,,,,,,,,,,,,,,,,,,,,,,,,,,,,,,,,,,,,,,,,,,,,,,,,,,,,2,1.251,,0,5,5,6,1,I try to be creative in most things that I do.,,,,,,,,,,,,,,,,,,,,,,,,,,,,,,,,,,,,,,,,,,,,,,,,,
,,,,,,,,,,,,,,,,108890,001,2025-04-19_16h57.55.542,SLSINC,2022.2.5,MacIntel,45.45454545,,,,,,,,,,,,,,,,,,,,,,,,,,,,,,,,,,,,,,,,,,,,,,,,,,,,,,,,,,,,,,,,,,,3,1.27,,0,6,6,19,1,I feel as though my contributions will exist after I die.,,,,,,,,,,,,,,,,,,,,,,,,,,,,,,,,,,,,,,,,,,,,,,,,,
,,,,,,,,,,,,,,,,108890,001,2025-04-19_16h57.55.542,SLSINC,2022.2.5,MacIntel,45.45454545,,,,,,,,,,,,,,,,,,,,,,,,,,,,,,,,,,,,,,,,,,,,,,,,,,,,,,,,,,,,,,,,,,,2,1.77,,0,7,7,7,1,I think that I will be remembered for a long time after I die.,,,,,,,,,,,,,,,,,,,,,,,,,,,,,,,,,,,,,,,,,,,,,,,,,
,,,,,,,,,,,,,,,,108890,001,2025-04-19_16h57.55.542,SLSINC,2022.2.5,MacIntel,45.45454545,,,,,,,,,,,,,,,,,,,,,,,,,,,,,,,,,,,,,,,,,,,,,,,,,,,,,,,,,,,,,,,,,,,3,0.987,,0,8,8,15,1,"I have made many commitments to many different kinds of people, groups, and activities in my life.",,,,,,,,,,,,,,,,,,,,,,,,,,,,,,,,,,,,,,,,,,,,,,,,,
,,,,,,,,,,,,,,,,108890,001,2025-04-19_16h57.55.542,SLSINC,2022.2.5,MacIntel,45.45454545,,,,,,,,,,,,,,,,,,,,,,,,,,,,,,,,,,,,,,,,,,,,,,,,,,,,,,,,,,,,,,,,,,,2,1.186,,0,9,9,1,1,I feel that other people need me.,,,,,,,,,,,,,,,,,,,,,,,,,,,,,,,,,,,,,,,,,,,,,,,,,
,,,,,,,,,,,,,,,,108890,001,2025-04-19_16h57.55.542,SLSINC,2022.2.5,MacIntel,45.45454545,,,,,,,,,,,,,,,,,,,,,,,,,,,,,,,,,,,,,,,,,,,,,,,,,,,,,,,,,,,,,,,,,,,3,0.668,,0,10,10,18,1,People come to me for advice.,,,,,,,,,,,,,,,,,,,,,,,,,,,,,,,,,,,,,,,,,,,,,,,,,
,,,,,,,,,,,,,,,,108890,001,2025-04-19_16h57.55.542,SLSINC,2022.2.5,MacIntel,45.45454545,,,,,,,,,,,,,,,,,,,,,,,,,,,,,,,,,,,,,,,,,,,,,,,,,,,,,,,,,,,,,,,,,,,3,1.886,,0,11,11,17,1,I have a responsibility to improve the neighborhood in which I live.,,,,,,,,,,,,,,,,,,,,,,,,,,,,,,,,,,,,,,,,,,,,,,,,,
,,,,,,,,,,,,,,,,108890,001,2025-04-19_16h57.55.542,SLSINC,2022.2.5,MacIntel,45.45454545,,,,,,,,,,,,,,,,,,,,,,,,,,,,,,,,,,,,,,,,,,,,,,,,,,,,,,,,,,,,,,,,,,,3,2.019,,0,12,12,12,1,I feel that things I have done in my life will survive after I die.,,,,,,,,,,,,,,,,,,,,,,,,,,,,,,,,,,,,,,,,,,,,,,,,,
,,,,,,,,,,,,,,,,108890,001,2025-04-19_16h57.55.542,SLSINC,2022.2.5,MacIntel,45.45454545,,,,,,,,,,,,,,,,,,,,,,,,,,,,,,,,,,,,,,,,,,,,,,,,,,,,,,,,,,,,,,,,,,,2,1.936,,0,13,13,4,1,I volunteer to work for a charity.,,,,,,,,,,,,,,,,,,,,,,,,,,,,,,,,,,,,,,,,,,,,,,,,,
,,,,,,,,,,,,,,,,108890,001,2025-04-19_16h57.55.542,SLSINC,2022.2.5,MacIntel,45.45454545,,,,,,,,,,,,,,,,,,,,,,,,,,,,,,,,,,,,,,,,,,,,,,,,,,,,,,,,,,,,,,,,,,,3,1.037,,0,14,14,0,1,Try to pass along the knowledge I have gained through my experiences.,,,,,,,,,,,,,,,,,,,,,,,,,,,,,,,,,,,,,,,,,,,,,,,,,
,,,,,,,,,,,,,,,,108890,001,2025-04-19_16h57.55.542,SLSINC,2022.2.5,MacIntel,45.45454545,,,,,,,,,,,,,,,,,,,,,,,,,,,,,,,,,,,,,,,,,,,,,,,,,,,,,,,,,,,,,,,,,,,3,2.07,,0,15,15,9,1,Others would say that I have made unique contributions to society.,,,,,,,,,,,,,,,,,,,,,,,,,,,,,,,,,,,,,,,,,,,,,,,,,
,,,,,,,,,,,,,,,,108890,001,2025-04-19_16h57.55.542,SLSINC,2022.2.5,MacIntel,45.45454545,,,,,,,,,,,,,,,,,,,,,,,,,,,,,,,,,,,,,,,,,,,,,,,,,,,,,,,,,,,,,,,,,,,3,0.937,,0,16,16,13,1,"In general, my actions have a positive effect on other people.",,,,,,,,,,,,,,,,,,,,,,,,,,,,,,,,,,,,,,,,,,,,,,,,,
,,,,,,,,,,,,,,,,108890,001,2025-04-19_16h57.55.542,SLSINC,2022.2.5,MacIntel,45.45454545,,,,,,,,,,,,,,,,,,,,,,,,,,,,,,,,,,,,,,,,,,,,,,,,,,,,,,,,,,,,,,,,,,,3,0.619,,0,17,17,5,1,I have made and created things that have had an impact on other people.,,,,,,,,,,,,,,,,,,,,,,,,,,,,,,,,,,,,,,,,,,,,,,,,,
,,,,,,,,,,,,,,,,108890,001,2025-04-19_16h57.55.542,SLSINC,2022.2.5,MacIntel,45.45454545,,,,,,,,,,,,,,,,,,,,,,,,,,,,,,,,,,,,,,,,,,,,,,,,,,,,,,,,,,,,,,,,,,,1,2.036,,0,18,18,2,1,I think I would like the work of a teacher.,,,,,,,,,,,,,,,,,,,,,,,,,,,,,,,,,,,,,,,,,,,,,,,,,
,,,,,,,,,,,,,,,,108890,001,2025-04-19_16h57.55.542,SLSINC,2022.2.5,MacIntel,45.45454545,,,,,,,,,,,,,,,,,,,,,,,,,,,,,,,,,,,,,,,,,,,,,,,,,,,,,,,,,,,,,,,,,,,4,0.954,,0,19,19,16,1,Other people say that I am a very productive person.,,,,,,,,,,,,,,,,,,,,,,,,,,,,,,,,,,,,,,,,,,,,,,,,,
,,,,,,,,,,,,,,,,108890,001,2025-04-19_16h57.55.542,SLSINC,2022.2.5,MacIntel,45.45454545,,,,,,,,,,,,,,,,,,,,,,,,,,,,,,,,,,,,,,,,,,,,,,,,,,,,,,,,,,,,,,,,,,,,,,,,,,,,space,1.049,,,,,,,,,,,,,,,,,,,,,,,,,,,,,,,,,,,,,,,,,,,,,,,
,,,,,,,,,,,,,,,,108890,001,2025-04-19_16h57.55.542,SLSINC,2022.2.5,MacIntel,45.45454545,,,,,,,,,,,,,,,,,,,,,,,,,,,,,,,,,,,,,,,,,,,,,,,,,,,,,,,,,,,,,,,,,,,,,,,,,,,There is no one I can turn to,,,2,1.402,,0,0,0,2,1,,,,,,,,,,,,,,,,,,,,,,,,,,,,,,,,,,,,,,,
,,,,,,,,,,,,,,,,108890,001,2025-04-19_16h57.55.542,SLSINC,2022.2.5,MacIntel,45.45454545,,,,,,,,,,,,,,,,,,,,,,,,,,,,,,,,,,,,,,,,,,,,,,,,,,,,,,,,,,,,,,,,,,,,,,,,,,,I am an outgoing person,,,3,0.803,,0,1,1,8,1,,,,,,,,,,,,,,,,,,,,,,,,,,,,,,,,,,,,,,,
,,,,,,,,,,,,,,,,108890,001,2025-04-19_16h57.55.542,SLSINC,2022.2.5,MacIntel,45.45454545,,,,,,,,,,,,,,,,,,,,,,,,,,,,,,,,,,,,,,,,,,,,,,,,,,,,,,,,,,,,,,,,,,,,,,,,,,,People are around me but not with me,,,3,1.652,,0,2,2,17,1,,,,,,,,,,,,,,,,,,,,,,,,,,,,,,,,,,,,,,,
,,,,,,,,,,,,,,,,108890,001,2025-04-19_16h57.55.542,SLSINC,2022.2.5,MacIntel,45.45454545,,,,,,,,,,,,,,,,,,,,,,,,,,,,,,,,,,,,,,,,,,,,,,,,,,,,,,,,,,,,,,,,,,,,,,,,,,,My social relationships are superficial,,,1,1.82,,0,3,3,11,1,,,,,,,,,,,,,,,,,,,,,,,,,,,,,,,,,,,,,,,
,,,,,,,,,,,,,,,,108890,001,2025-04-19_16h57.55.542,SLSINC,2022.2.5,MacIntel,45.45454545,,,,,,,,,,,,,,,,,,,,,,,,,,,,,,,,,,,,,,,,,,,,,,,,,,,,,,,,,,,,,,,,,,,,,,,,,,,I feel isolated from others,,,1,1.236,,0,4,4,13,1,,,,,,,,,,,,,,,,,,,,,,,,,,,,,,,,,,,,,,,
,,,,,,,,,,,,,,,,108890,001,2025-04-19_16h57.55.542,SLSINC,2022.2.5,MacIntel,45.45454545,,,,,,,,,,,,,,,,,,,,,,,,,,,,,,,,,,,,,,,,,,,,,,,,,,,,,,,,,,,,,,,,,,,,,,,,,,,I lack companionship,,,1,0.652,,0,5,5,1,1,,,,,,,,,,,,,,,,,,,,,,,,,,,,,,,,,,,,,,,
,,,,,,,,,,,,,,,,108890,001,2025-04-19_16h57.55.542,SLSINC,2022.2.5,MacIntel,45.45454545,,,,,,,,,,,,,,,,,,,,,,,,,,,,,,,,,,,,,,,,,,,,,,,,,,,,,,,,,,,,,,,,,,,,,,,,,,,I feel left out,,,1,0.385,,0,6,6,10,1,,,,,,,,,,,,,,,,,,,,,,,,,,,,,,,,,,,,,,,
,,,,,,,,,,,,,,,,108890,001,2025-04-19_16h57.55.542,SLSINC,2022.2.5,MacIntel,45.45454545,,,,,,,,,,,,,,,,,,,,,,,,,,,,,,,,,,,,,,,,,,,,,,,,,,,,,,,,,,,,,,,,,,,,,,,,,,,I have a lot in common with the people around me,,,2,1.135,,0,7,7,5,1,,,,,,,,,,,,,,,,,,,,,,,,,,,,,,,,,,,,,,,
,,,,,,,,,,,,,,,,108890,001,2025-04-19_16h57.55.542,SLSINC,2022.2.5,MacIntel,45.45454545,,,,,,,,,,,,,,,,,,,,,,,,,,,,,,,,,,,,,,,,,,,,,,,,,,,,,,,,,,,,,,,,,,,,,,,,,,,My interests and ideas are not shared by those around me,,,2,1.637,,0,8,8,7,1,,,,,,,,,,,,,,,,,,,,,,,,,,,,,,,,,,,,,,,
,,,,,,,,,,,,,,,,108890,001,2025-04-19_16h57.55.542,SLSINC,2022.2.5,MacIntel,45.45454545,,,,,,,,,,,,,,,,,,,,,,,,,,,,,,,,,,,,,,,,,,,,,,,,,,,,,,,,,,,,,,,,,,,,,,,,,,,I can find companionship when I want it,,,3,1.002,,0,9,9,14,1,,,,,,,,,,,,,,,,,,,,,,,,,,,,,,,,,,,,,,,
,,,,,,,,,,,,,,,,108890,001,2025-04-19_16h57.55.542,SLSINC,2022.2.5,MacIntel,45.45454545,,,,,,,,,,,,,,,,,,,,,,,,,,,,,,,,,,,,,,,,,,,,,,,,,,,,,,,,,,,,,,,,,,,,,,,,,,,I am unhappy being so withdrawn ,,,1,1.603,,0,10,10,16,1,,,,,,,,,,,,,,,,,,,,,,,,,,,,,,,,,,,,,,,
,,,,,,,,,,,,,,,,108890,001,2025-04-19_16h57.55.542,SLSINC,2022.2.5,MacIntel,45.45454545,,,,,,,,,,,,,,,,,,,,,,,,,,,,,,,,,,,,,,,,,,,,,,,,,,,,,,,,,,,,,,,,,,,,,,,,,,,I do not feel alone,,,3,1.235,,0,11,11,3,1,,,,,,,,,,,,,,,,,,,,,,,,,,,,,,,,,,,,,,,
,,,,,,,,,,,,,,,,108890,001,2025-04-19_16h57.55.542,SLSINC,2022.2.5,MacIntel,45.45454545,,,,,,,,,,,,,,,,,,,,,,,,,,,,,,,,,,,,,,,,,,,,,,,,,,,,,,,,,,,,,,,,,,,,,,,,,,,There are people who really understand me,,,3,1.036,,0,12,12,15,1,,,,,,,,,,,,,,,,,,,,,,,,,,,,,,,,,,,,,,,
,,,,,,,,,,,,,,,,108890,001,2025-04-19_16h57.55.542,SLSINC,2022.2.5,MacIntel,45.45454545,,,,,,,,,,,,,,,,,,,,,,,,,,,,,,,,,,,,,,,,,,,,,,,,,,,,,,,,,,,,,,,,,,,,,,,,,,,I feel in tune with the people around me,,,2,0.95,,0,13,13,0,1,,,,,,,,,,,,,,,,,,,,,,,,,,,,,,,,,,,,,,,
,,,,,,,,,,,,,,,,108890,001,2025-04-19_16h57.55.542,SLSINC,2022.2.5,MacIntel,45.45454545,,,,,,,,,,,,,,,,,,,,,,,,,,,,,,,,,,,,,,,,,,,,,,,,,,,,,,,,,,,,,,,,,,,,,,,,,,,I am no longer close to anyone,,,2,1.12,,0,14,14,6,1,,,,,,,,,,,,,,,,,,,,,,,,,,,,,,,,,,,,,,,
,,,,,,,,,,,,,,,,108890,001,2025-04-19_16h57.55.542,SLSINC,2022.2.5,MacIntel,45.45454545,,,,,,,,,,,,,,,,,,,,,,,,,,,,,,,,,,,,,,,,,,,,,,,,,,,,,,,,,,,,,,,,,,,,,,,,,,,There are people I can turn to,,,4,1.387,,0,15,15,19,1,,,,,,,,,,,,,,,,,,,,,,,,,,,,,,,,,,,,,,,
,,,,,,,,,,,,,,,,108890,001,2025-04-19_16h57.55.542,SLSINC,2022.2.5,MacIntel,45.45454545,,,,,,,,,,,,,,,,,,,,,,,,,,,,,,,,,,,,,,,,,,,,,,,,,,,,,,,,,,,,,,,,,,,,,,,,,,,There are people I feel close to,,,4,0.734,,0,16,16,9,1,,,,,,,,,,,,,,,,,,,,,,,,,,,,,,,,,,,,,,,
,,,,,,,,,,,,,,,,108890,001,2025-04-19_16h57.55.542,SLSINC,2022.2.5,MacIntel,45.45454545,,,,,,,,,,,,,,,,,,,,,,,,,,,,,,,,,,,,,,,,,,,,,,,,,,,,,,,,,,,,,,,,,,,,,,,,,,,No one really knows me well,,,3,1.301,,0,17,17,12,1,,,,,,,,,,,,,,,,,,,,,,,,,,,,,,,,,,,,,,,
,,,,,,,,,,,,,,,,108890,001,2025-04-19_16h57.55.542,SLSINC,2022.2.5,MacIntel,45.45454545,,,,,,,,,,,,,,,,,,,,,,,,,,,,,,,,,,,,,,,,,,,,,,,,,,,,,,,,,,,,,,,,,,,,,,,,,,,There are people I can talk to,,,3,0.704,,0,18,18,18,1,,,,,,,,,,,,,,,,,,,,,,,,,,,,,,,,,,,,,,,
,,,,,,,,,,,,,,,,108890,001,2025-04-19_16h57.55.542,SLSINC,2022.2.5,MacIntel,45.45454545,,,,,,,,,,,,,,,,,,,,,,,,,,,,,,,,,,,,,,,,,,,,,,,,,,,,,,,,,,,,,,,,,,,,,,,,,,,I feel part of a group of friends,,,3,1.083,,0,19,19,4,1,,,,,,,,,,,,,,,,,,,,,,,,,,,,,,,,,,,,,,,
,,,,,,,,,,,,,,,,108890,001,2025-04-19_16h57.55.542,SLSINC,2022.2.5,MacIntel,45.45454545,,,,,,,,,,,,,,,,,,,,,,,,,,,,,,,,,,,,,,,,,,,,,,,,,,,,,,,,,,,,,,,,,,,,,,,,,,,,,,,,,,,,,,space,0.102,,,,,,,,,,,,,,,,,,,,,,,,,,,,,,,,,,,,,
,,,,,,,,,,,,,,,,108890,001,2025-04-19_16h57.55.542,SLSINC,2022.2.5,MacIntel,45.45454545,,,,,,,,,,,,,,,,,,,,,,,,,,,,,,,,,,,,,,,,,,,,,,,,,,,,,,,,,,,,,,,,,,,,,,,,,,,,,,,,,,,,,,,,1,4.245,I find it difficult to control my worries about developing Alzheimer’s disease and related dementias.,0,0,0,1,1,I find it difficult to control my worries about developing Alzheimer’s disease and related dementias.,,,,,,,,,,,,,,,,,,,,,,,,,,,,
,,,,,,,,,,,,,,,,108890,001,2025-04-19_16h57.55.542,SLSINC,2022.2.5,MacIntel,45.45454545,,,,,,,,,,,,,,,,,,,,,,,,,,,,,,,,,,,,,,,,,,,,,,,,,,,,,,,,,,,,,,,,,,,,,,,,,,,,,,,,,,,,,,,,1,2.829,"When I can’t remember something, I find myself wondering whether I have Alzheimer’s disease or a related dementia.",0,1,1,2,1,"When I can’t remember something, I find myself wondering whether I have Alzheimer’s disease or a related dementia.",,,,,,,,,,,,,,,,,,,,,,,,,,,,
,,,,,,,,,,,,,,,,108890,001,2025-04-19_16h57.55.542,SLSINC,2022.2.5,MacIntel,45.45454545,,,,,,,,,,,,,,,,,,,,,,,,,,,,,,,,,,,,,,,,,,,,,,,,,,,,,,,,,,,,,,,,,,,,,,,,,,,,,,,,,,,,,,,,1,1.696,"Even though I know it doesn’t help to focus on it, I can’t help thinking about whether or not I have Alzheimer’s disease or a related dementia.",0,2,2,7,1,"Even though I know it doesn’t help to focus on it, I can’t help thinking about whether or not I have Alzheimer’s disease or a related dementia.",,,,,,,,,,,,,,,,,,,,,,,,,,,,
,,,,,,,,,,,,,,,,108890,001,2025-04-19_16h57.55.542,SLSINC,2022.2.5,MacIntel,45.45454545,,,,,,,,,,,,,,,,,,,,,,,,,,,,,,,,,,,,,,,,,,,,,,,,,,,,,,,,,,,,,,,,,,,,,,,,,,,,,,,,,,,,,,,,1,2.046,"	When I hear about someone having Alzheimer’s disease or a related dementia, I start to worry about having it myself.",0,3,3,5,1,"	When I hear about someone having Alzheimer’s disease or a related dementia, I start to worry about having it myself.",,,,,,,,,,,,,,,,,,,,,,,,,,,,
,,,,,,,,,,,,,,,,108890,001,2025-04-19_16h57.55.542,SLSINC,2022.2.5,MacIntel,45.45454545,,,,,,,,,,,,,,,,,,,,,,,,,,,,,,,,,,,,,,,,,,,,,,,,,,,,,,,,,,,,,,,,,,,,,,,,,,,,,,,,,,,,,,,,1,1.312,"When I forget a word that I want to say, my thoughts immediately turn to Alzheimer’s disease and related dementias.",0,4,4,10,1,"When I forget a word that I want to say, my thoughts immediately turn to Alzheimer’s disease and related dementias.",,,,,,,,,,,,,,,,,,,,,,,,,,,,
,,,,,,,,,,,,,,,,108890,001,2025-04-19_16h57.55.542,SLSINC,2022.2.5,MacIntel,45.45454545,,,,,,,,,,,,,,,,,,,,,,,,,,,,,,,,,,,,,,,,,,,,,,,,,,,,,,,,,,,,,,,,,,,,,,,,,,,,,,,,,,,,,,,,1,1.446,I think I probably worry more about Alzheimer’s disease and related dementias than other people my same age.,0,5,5,11,1,I think I probably worry more about Alzheimer’s disease and related dementias than other people my same age.,,,,,,,,,,,,,,,,,,,,,,,,,,,,
,,,,,,,,,,,,,,,,108890,001,2025-04-19_16h57.55.542,SLSINC,2022.2.5,MacIntel,45.45454545,,,,,,,,,,,,,,,,,,,,,,,,,,,,,,,,,,,,,,,,,,,,,,,,,,,,,,,,,,,,,,,,,,,,,,,,,,,,,,,,,,,,,,,,1,1.397,"I know I shouldn’t worry about developing Alzheimer’s disease and related dementias, but I just cannot help it.",0,6,6,0,1,"I know I shouldn’t worry about developing Alzheimer’s disease and related dementias, but I just cannot help it.",,,,,,,,,,,,,,,,,,,,,,,,,,,,
,,,,,,,,,,,,,,,,108890,001,2025-04-19_16h57.55.542,SLSINC,2022.2.5,MacIntel,45.45454545,,,,,,,,,,,,,,,,,,,,,,,,,,,,,,,,,,,,,,,,,,,,,,,,,,,,,,,,,,,,,,,,,,,,,,,,,,,,,,,,,,,,,,,,1,1.211,My worries about Alzheimer’s disease and related dementias overwhelm me.,0,7,7,3,1,My worries about Alzheimer’s disease and related dementias overwhelm me.,,,,,,,,,,,,,,,,,,,,,,,,,,,,
,,,,,,,,,,,,,,,,108890,001,2025-04-19_16h57.55.542,SLSINC,2022.2.5,MacIntel,45.45454545,,,,,,,,,,,,,,,,,,,,,,,,,,,,,,,,,,,,,,,,,,,,,,,,,,,,,,,,,,,,,,,,,,,,,,,,,,,,,,,,,,,,,,,,1,1.364,"More often than not, I find my thoughts returning to concerns that I have Alzheimer’s disease or a related dementia.",0,8,8,4,1,"More often than not, I find my thoughts returning to concerns that I have Alzheimer’s disease or a related dementia.",,,,,,,,,,,,,,,,,,,,,,,,,,,,
,,,,,,,,,,,,,,,,108890,001,2025-04-19_16h57.55.542,SLSINC,2022.2.5,MacIntel,45.45454545,,,,,,,,,,,,,,,,,,,,,,,,,,,,,,,,,,,,,,,,,,,,,,,,,,,,,,,,,,,,,,,,,,,,,,,,,,,,,,,,,,,,,,,,1,1.41,"Sometimes when trying to go to sleep, I find my thoughts drift to my concerns about having Alzheimer’s disease or a related dementia.",0,9,9,9,1,"Sometimes when trying to go to sleep, I find my thoughts drift to my concerns about having Alzheimer’s disease or a related dementia.",,,,,,,,,,,,,,,,,,,,,,,,,,,,
,,,,,,,,,,,,,,,,108890,001,2025-04-19_16h57.55.542,SLSINC,2022.2.5,MacIntel,45.45454545,,,,,,,,,,,,,,,,,,,,,,,,,,,,,,,,,,,,,,,,,,,,,,,,,,,,,,,,,,,,,,,,,,,,,,,,,,,,,,,,,,,,,,,,4,2.894,"When I am not distracted, I find my thoughts focusing on my own cognitive changes and concerns.",0,10,10,6,1,"When I am not distracted, I find my thoughts focusing on my own cognitive changes and concerns.",,,,,,,,,,,,,,,,,,,,,,,,,,,,
,,,,,,,,,,,,,,,,108890,001,2025-04-19_16h57.55.542,SLSINC,2022.2.5,MacIntel,45.45454545,,,,,,,,,,,,,,,,,,,,,,,,,,,,,,,,,,,,,,,,,,,,,,,,,,,,,,,,,,,,,,,,,,,,,,,,,,,,,,,,,,,,,,,,1,1.144,"Once I start worrying about Alzheimer’s disease and related dementias, I just cannot stop.",0,11,11,8,1,"Once I start worrying about Alzheimer’s disease and related dementias, I just cannot stop.",,,,,,,,,,,,,,,,,,,,,,,,,,,,
,,,,,,,,,,,,,,,,108890,001,2025-04-19_16h57.55.542,SLSINC,2022.2.5,MacIntel,45.45454545,,,,,,,,,,,,,,,,,,,,,,,,,,,,,,,,,,,,,,,,,,,,,,,,,,,,,,,,,,,,,,,,,,,,,,,,,,,,,,,,,,,,,,,,,,,,,,,,,space,1.233,,,,,,,,,,,,,,,,,,,,,,,,,,
,,,,,,,,,,,,,,,,108890,001,2025-04-19_16h57.55.542,SLSINC,2022.2.5,MacIntel,45.45454545,,,,,,,,,,,,,,,,,,,,,,,,,,,,,,,,,,,,,,,,,,,,,,,,,,,,,,,,,,,,,,,,,,,,,,,,,,,,,,,,,,,,,,,,,,,,,,,,,,,1,2.814,"I answer the phone whenever it rings, even if I do not know who is calling",0,0,0,0,1,"I answer the phone whenever it rings, even if I do not know who is calling",,,,,,,,,,,,,,,,,
,,,,,,,,,,,,,,,,108890,001,2025-04-19_16h57.55.542,SLSINC,2022.2.5,MacIntel,45.45454545,,,,,,,,,,,,,,,,,,,,,,,,,,,,,,,,,,,,,,,,,,,,,,,,,,,,,,,,,,,,,,,,,,,,,,,,,,,,,,,,,,,,,,,,,,,,,,,,,,,1,2.479,"I have difficulty ending a phone call, even if the caller is a telemarketer, someone I do not know, or someone I do not wish to call me",0,1,1,1,1,"I have difficulty ending a phone call, even if the caller is a telemarketer, someone I do not know, or someone I do not wish to call me",,,,,,,,,,,,,,,,,
,,,,,,,,,,,,,,,,108890,001,2025-04-19_16h57.55.542,SLSINC,2022.2.5,MacIntel,45.45454545,,,,,,,,,,,,,,,,,,,,,,,,,,,,,,,,,,,,,,,,,,,,,,,,,,,,,,,,,,,,,,,,,,,,,,,,,,,,,,,,,,,,,,,,,,,,,,,,,,,4,1.963,Persons over the age of 65 are often targeted by con-artists,0,2,2,3,1,Persons over the age of 65 are often targeted by con-artists,,,,,,,,,,,,,,,,,
,,,,,,,,,,,,,,,,108890,001,2025-04-19_16h57.55.542,SLSINC,2022.2.5,MacIntel,45.45454545,,,,,,,,,,,,,,,,,,,,,,,,,,,,,,,,,,,,,,,,,,,,,,,,,,,,,,,,,,,,,,,,,,,,,,,,,,,,,,,,,,,,,,,,,,,,,,,,,,,1,1.797,"If a telemarketer calls me, I usually listen to what they have to say",0,3,3,4,1,"If a telemarketer calls me, I usually listen to what they have to say",,,,,,,,,,,,,,,,,
,,,,,,,,,,,,,,,,108890,001,2025-04-19_16h57.55.542,SLSINC,2022.2.5,MacIntel,45.45454545,,,,,,,,,,,,,,,,,,,,,,,,,,,,,,,,,,,,,,,,,,,,,,,,,,,,,,,,,,,,,,,,,,,,,,,,,,,,,,,,,,,,,,,,,,,,,,,,,,,4,2.097,"If something sounds too good to be true, it usually is",0,4,4,2,1,"If something sounds too good to be true, it usually is",,,,,,,,,,,,,,,,,
,,,,,,,,,,,,,,,,108890,001,2025-04-19_16h57.55.542,SLSINC,2022.2.5,MacIntel,45.45454545,,,,,,,,,,,,,,,,,,,,,,,,,,,,,,,,,,,,,,,,,,,,,,,,,,,,,,,,,,,,,,,,,,,,,,,,,,,,,,,,,,,,,,,,,,,,,,,,,,,,,,,,,,,,2.92173913,4.428,,,,,,,,,,,,,,,
,,,,,,,,,,,,,,,,108890,001,2025-04-19_16h57.55.542,SLSINC,2022.2.5,MacIntel,45.45454545,,,,,,,,,,,,,,,,,,,,,,,,,,,,,,,,,,,,,,,,,,,,,,,,,,,,,,,,,,,,,,,,,,,,,,,,,,,,,,,,,,,,,,,,,,,,,,,,,,,,,,,,,,,,,,,,,,,,,,,,,,,,
,,,,,,,,,,,,,,,,108890,001,2025-04-19_16h57.55.542,SLSINC,2022.2.5,MacIntel,45.45454545,,,,,,,,,,,,,,,,,,,,,,,,,,,,,,,,,,,,,,,,,,,,,,,,,,,,,,,,,,,,,,,,,,,,,,,,,,,,,,,,,,,,,,,,,,,,,,,,,,,,,,,,,,,,,,"[""female_option""]",,,,,,,,,,,,,,
,,,,,,,,,,,,,,,,108890,001,2025-04-19_16h57.55.542,SLSINC,2022.2.5,MacIntel,45.45454545,,,,,,,,,,,,,,,,,,,,,,,,,,,,,,,,,,,,,,,,,,,,,,,,,,,,,,,,,,,,,,,,,,,,,,,,,,,,,,,,,,,,,,,,,,,,,,,,,,,,,,,,,,,,,,,,,,,,,,,,,,,,
,,,,,,,,,,,,,,,,108890,001,2025-04-19_16h57.55.542,SLSINC,2022.2.5,MacIntel,45.45454545,,,,,,,,,,,,,,,,,,,,,,,,,,,,,,,,,,,,,,,,,,,,,,,,,,,,,,,,,,,,,,,,,,,,,,,,,,,,,,,,,,,,,,,,,,,,,,,,,,,,,,,,,,,,,,,20,04/05/2005,,,,,,,,,,,,
,,,,,,,,,,,,,,,,108890,001,2025-04-19_16h57.55.542,SLSINC,2022.2.5,MacIntel,45.45454545,,,,,,,,,,,,,,,,,,,,,,,,,,,,,,,,,,,,,,,,,,,,,,,,,,,,,,,,,,,,,,,,,,,,,,,,,,,,,,,,,,,,,,,,,,,,,,,,,,,,,,,,,,,,,,,,,,,,,,,,,,,,
,,,,,,,,,,,,,,,,108890,001,2025-04-19_16h57.55.542,SLSINC,2022.2.5,MacIntel,45.45454545,,,,,,,,,,,,,,,,,,,,,,,,,,,,,,,,,,,,,,,,,,,,,,,,,,,,,,,,,,,,,,,,,,,,,,,,,,,,,,,,,,,,,,,,,,,,,,,,,,,,,,,,,,,,,,,,,"[""EduOpt3""]",,,,,,,,,,,
,,,,,,,,,,,,,,,,108890,001,2025-04-19_16h57.55.542,SLSINC,2022.2.5,MacIntel,45.45454545,,,,,,,,,,,,,,,,,,,,,,,,,,,,,,,,,,,,,,,,,,,,,,,,,,,,,,,,,,,,,,,,,,,,,,,,,,,,,,,,,,,,,,,,,,,,,,,,,,,,,,,,,,,,,,,,,,,,,,,,,,,,
,,,,,,,,,,,,,,,,108890,001,2025-04-19_16h57.55.542,SLSINC,2022.2.5,MacIntel,45.45454545,,,,,,,,,,,,,,,,,,,,,,,,,,,,,,,,,,,,,,,,,,,,,,,,,,,,,,,,,,,,,,,,,,,,,,,,,,,,,,,,,,,,,,,,,,,,,,,,,,,,,,,,,,,,,,,,,,"[""EthnOpt2""]",,,,,,,,,,
,,,,,,,,,,,,,,,,108890,001,2025-04-19_16h57.55.542,SLSINC,2022.2.5,MacIntel,45.45454545,,,,,,,,,,,,,,,,,,,,,,,,,,,,,,,,,,,,,,,,,,,,,,,,,,,,,,,,,,,,,,,,,,,,,,,,,,,,,,,,,,,,,,,,,,,,,,,,,,,,,,,,,,,,,,,,,,,,,,,,,,,,
,,,,,,,,,,,,,,,,108890,001,2025-04-19_16h57.55.542,SLSINC,2022.2.5,MacIntel,45.45454545,,,,,,,,,,,,,,,,,,,,,,,,,,,,,,,,,,,,,,,,,,,,,,,,,,,,,,,,,,,,,,,,,,,,,,,,,,,,,,,,,,,,,,,,,,,,,,,,,,,,,,,,,,,,,,,,,,,"[""EngFlncyY""]",,,,,,,,,
,,,,,,,,,,,,,,,,108890,001,2025-04-19_16h57.55.542,SLSINC,2022.2.5,MacIntel,45.45454545,,,,,,,,,,,,,,,,,,,,,,,,,,,,,,,,,,,,,,,,,,,,,,,,,,,,,,,,,,,,,,,,,,,,,,,,,,,,,,,,,,,,,,,,,,,,,,,,,,,,,,,,,,,,,,,,,,,,,,,,,,,,
,,,,,,,,,,,,,,,,108890,001,2025-04-19_16h57.55.542,SLSINC,2022.2.5,MacIntel,45.45454545,,,,,,,,,,,,,,,,,,,,,,,,,,,,,,,,,,,,,,,,,,,,,,,,,,,,,,,,,,,,,,,,,,,,,,,,,,,,,,,,,,,,,,,,,,,,,,,,,,,,,,,,,,,,,,,,,,,,0,US,,,,,,,
,,,,,,,,,,,,,,,,108890,001,2025-04-19_16h57.55.542,SLSINC,2022.2.5,MacIntel,45.45454545,,,,,,,,,,,,,,,,,,,,,,,,,,,,,,,,,,,,,,,,,,,,,,,,,,,,,,,,,,,,,,,,,,,,,,,,,,,,,,,,,,,,,,,,,,,,,,,,,,,,,,,,,,,,,,,,,,,,,,,,,,,,
,,,,,,,,,,,,,,,,108890,001,2025-04-19_16h57.55.542,SLSINC,2022.2.5,MacIntel,45.45454545,,,,,,,,,,,,,,,,,,,,,,,,,,,,,,,,,,,,,,,,,,,,,,,,,,,,,,,,,,,,,,,,,,,,,,,,,,,,,,,,,,,,,,,,,,,,,,,,,,,,,,,,,,,,,,,,,,,,,,D,,,,,,
,,,,,,,,,,,,,,,,108890,001,2025-04-19_16h57.55.542,SLSINC,2022.2.5,MacIntel,45.45454545,,,,,,,,,,,,,,,,,,,,,,,,,,,,,,,,,,,,,,,,,,,,,,,,,,,,,,,,,,,,,,,,,,,,,,,,,,,,,,,,,,,,,,,,,,,,,,,,,,,,,,,,,,,,,,,,,,,,,,,,,,,,
,,,,,,,,,,,,,,,,108890,001,2025-04-19_16h57.55.542,SLSINC,2022.2.5,MacIntel,45.45454545,,,,,,,,,,,,,,,,,,,,,,,,,,,,,,,,,,,,,,,,,,,,,,,,,,,,,,,,,,,,,,,,,,,,,,,,,,,,,,,,,,,,,,,,,,,,,,,,,,,,,,,,,,,,,,,,,,,,,,,No,,,,,
,,,,,,,,,,,,,,,,108890,001,2025-04-19_16h57.55.542,SLSINC,2022.2.5,MacIntel,45.45454545,,,,,,,,,,,,,,,,,,,,,,,,,,,,,,,,,,,,,,,,,,,,,,,,,,,,,,,,,,,,,,,,,,,,,,,,,,,,,,,,,,,,,,,,,,,,,,,,,,,,,,,,,,,,,,,,,,,,,,,,,,,,
,,,,,,,,,,,,,,,,108890,001,2025-04-19_16h57.55.542,SLSINC,2022.2.5,MacIntel,45.45454545,,,,,,,,,,,,,,,,,,,,,,,,,,,,,,,,,,,,,,,,,,,,,,,,,,,,,,,,,,,,,,,,,,,,,,,,,,,,,,,,,,,,,,,,,,,,,,,,,,,,,,,,,,,,,,,,,,,,,,,,No,,,,
,,,,,,,,,,,,,,,,108890,001,2025-04-19_16h57.55.542,SLSINC,2022.2.5,MacIntel,45.45454545,,,,,,,,,,,,,,,,,,,,,,,,,,,,,,,,,,,,,,,,,,,,,,,,,,,,,,,,,,,,,,,,,,,,,,,,,,,,,,,,,,,,,,,,,,,,,,,,,,,,,,,,,,,,,,,,,,,,,,,,,,,,
,,,,,,,,,,,,,,,,108890,001,2025-04-19_16h57.55.542,SLSINC,2022.2.5,MacIntel,45.45454545,,,,,,,,,,,,,,,,,,,,,,,,,,,,,,,,,,,,,,,,,,,,,,,,,,,,,,,,,,,,,,,,,,,,,,,,,,,,,,,,,,,,,,,,,,,,,,,,,,,,,,,,,,,,,,,,,,,,,,,,,"[""Q4option1""]",,,
,,,,,,,,,,,,,,,,108890,001,2025-04-19_16h57.55.542,SLSINC,2022.2.5,MacIntel,45.45454545,,,,,,,,,,,,,,,,,,,,,,,,,,,,,,,,,,,,,,,,,,,,,,,,,,,,,,,,,,,,,,,,,,,,,,,,,,,,,,,,,,,,,,,,,,,,,,,,,,,,,,,,,,,,,,,,,,,,,,,,,,,,
,,,,,,,,,,,,,,,,108890,001,2025-04-19_16h57.55.542,SLSINC,2022.2.5,MacIntel,45.45454545,,,,,,,,,,,,,,,,,,,,,,,,,,,,,,,,,,,,,,,,,,,,,,,,,,,,,,,,,,,,,,,,,,,,,,,,,,,,,,,,,,,,,,,,,,,,,,,,,,,,,,,,,,,,,,,,,,,,,,,,,,1,[695.857],[695.857]
