bruinID.text,button.numClicks,button.timesOn,button.timesOff,mouseLogIn.x,mouseLogIn.y,mouseLogIn.leftButton,mouseLogIn.midButton,mouseLogIn.rightButton,mouseLogIn.time,mouseLogIn.clicked_name,session,date,expName,psychopyVersion,OS,frameRate,key_resp_6.keys,key_resp_6.rt,key_resp_5.keys,key_resp_5.rt,subjage_slider.response,subjage_slider.rt,confidence_scale.response,confidence_scale.rt,key_resp_7.keys,key_resp_7.rt,button_2.numClicks,button_2.timesOn,button_2.timesOff,email_type,scam_button.numClicks,scam_button.timesOn,scam_button.timesOff,legit_button.numClicks,legit_button.timesOn,legit_button.timesOff,button_selections_1,confidence_scale_email.response,confidence_scale_email.rt,personal_rel_scale.response,personal_rel_scale.rt,curiosity_scale.response,curiosity_scale.rt,email_loop.thisRepN,email_loop.thisTrialN,email_loop.thisN,email_loop.thisIndex,email_loop.ran,emails,type,xsize,ysize,xpos,ypos,key_resp_11.keys,key_resp_11.rt,key_resp_9.keys,key_resp_9.rt,key_resp_10.keys,key_resp_10.rt,textbox.text,next_button.numClicks,next_button.timesOn,next_button.timesOff,email_loops2.thisRepN,email_loops2.thisTrialN,email_loops2.thisN,email_loops2.thisIndex,email_loops2.ran,key_resp_3.keys,key_resp_3.rt,slider1_2.response,slider1_2.rt,trust_question,loop_GT.thisRepN,loop_GT.thisTrialN,loop_GT.thisN,loop_GT.thisIndex,loop_GT.ran,Phrases,instructionresp_2.keys,instructionresp_2.rt,key_resp_13.keys,key_resp_13.rt,gen_question,loop_G.thisRepN,loop_G.thisTrialN,loop_G.thisN,loop_G.thisIndex,loop_G.ran,Questions,instructionresp.keys,instructionresp.rt,key_resp_2.keys,key_resp_2.rt,lonely_question,loop_LS.thisRepN,loop_LS.thisTrialN,loop_LS.thisN,loop_LS.thisIndex,loop_LS.ran,key_resp_4.keys,key_resp_4.rt,rating.response,rating.rt,dementia_question,loop_dm.thisRepN,loop_dm.thisTrialN,loop_dm.thisN,loop_dm.thisIndex,loop_dm.ran,Items,key_resp.keys,key_resp.rt,slider1.response,slider1.rt,ss_question,loop_SS.thisRepN,loop_SS.thisTrialN,loop_SS.thisN,loop_SS.thisIndex,loop_SS.ran,Statements,slider.response,slider.rt,Gender,textboxAge.text,textboxBirthday.text,Education Level,Ethnicity,English Fluency,textboxAge_2.text,textboxCountry.text,FQ1textbox.text,textboxQuestion2.text,textboxQuestion3.text,FQ4 selection,Finish.numClicks,Finish.timesOn,Finish.timesOff
622f7f35376a1f92763ddbe2,1,[33.37999999999999],[33.37999999999999],0.315104167,-0.071614583,1,0,0,31.742,button,001,2025-05-08_20h18.44.367,SLSINC_O,2022.2.5,Win32,20.04008016,,,,,,,,,,,,,,,,,,,,,,,,,,,,,,,,,,,,,,,,,,,,,,,,,,,,,,,,,,,,,,,,,,,,,,,,,,,,,,,,,,,,,,,,,,,,,,,,,,,,,,,,,,,,,,,,,,,,,,,,,,,,
,,,,,,,,,,,001,2025-05-08_20h18.44.367,SLSINC_O,2022.2.5,Win32,20.04008016,space,99.674,,,,,,,,,,,,,,,,,,,,,,,,,,,,,,,,,,,,,,,,,,,,,,,,,,,,,,,,,,,,,,,,,,,,,,,,,,,,,,,,,,,,,,,,,,,,,,,,,,,,,,,,,,,,,,,,,,,,,,,,,,
,,,,,,,,,,,001,2025-05-08_20h18.44.367,SLSINC_O,2022.2.5,Win32,20.04008016,,,space,41.097,,,,,,,,,,,,,,,,,,,,,,,,,,,,,,,,,,,,,,,,,,,,,,,,,,,,,,,,,,,,,,,,,,,,,,,,,,,,,,,,,,,,,,,,,,,,,,,,,,,,,,,,,,,,,,,,,,,,,,,,
,,,,,,,,,,,001,2025-05-08_20h18.44.367,SLSINC_O,2022.2.5,Win32,20.04008016,,,,,44.0625,15.279,,,,,,,,,,,,,,,,,,,,,,,,,,,,,,,,,,,,,,,,,,,,,,,,,,,,,,,,,,,,,,,,,,,,,,,,,,,,,,,,,,,,,,,,,,,,,,,,,,,,,,,,,,,,,,,,,,,,,,
,,,,,,,,,,,001,2025-05-08_20h18.44.367,SLSINC_O,2022.2.5,Win32,20.04008016,,,,,,,3.997395833,12.207,,,,,,,,,,,,,,,,,,,,,,,,,,,,,,,,,,,,,,,,,,,,,,,,,,,,,,,,,,,,,,,,,,,,,,,,,,,,,,,,,,,,,,,,,,,,,,,,,,,,,,,,,,,,,,,,,,,,
,,,,,,,,,,,001,2025-05-08_20h18.44.367,SLSINC_O,2022.2.5,Win32,20.04008016,,,,,,,,,space,111.7,,,,,,,,,,,,,,,,,,,,,,,,,,,,,,,,,,,,,,,,,,,,,,,,,,,,,,,,,,,,,,,,,,,,,,,,,,,,,,,,,,,,,,,,,,,,,,,,,,,,,,,,,,,,,,,,,,
,,,,,,,,,,,001,2025-05-08_20h18.44.367,SLSINC_O,2022.2.5,Win32,20.04008016,,,,,,,,,,,1,[369.115],[369.115],,1,[372.681],[372.682],0,[],[],"[""scam_button""]",5.9765625,4.213,0,6.93,0.989583333,10.664,0,0,0,20,1,resources/images/scam12.jpg,scam,0.65,0.65,0,0,,,,,,,,,,,,,,,,,,,,,,,,,,,,,,,,,,,,,,,,,,,,,,,,,,,,,,,,,,,,,,,,,,,,,,,,,,,,,,,,,,,,,,
,,,,,,,,,,,001,2025-05-08_20h18.44.367,SLSINC_O,2022.2.5,Win32,20.04008016,,,,,,,,,,,2,"[369.115,423.709]","[369.115,423.709]",,2,"[372.681,425.501]","[372.682,425.501]",0,[],[],"[""scam_button""]",8.958333333,6.217,3.984375,7.01,0.9765625,5.34,0,1,1,0,1,resources/images/scam_1.png,scam,1,0.65,0,0,,,,,,,,,,,,,,,,,,,,,,,,,,,,,,,,,,,,,,,,,,,,,,,,,,,,,,,,,,,,,,,,,,,,,,,,,,,,,,,,,,,,,,
,,,,,,,,,,,001,2025-05-08_20h18.44.367,SLSINC_O,2022.2.5,Win32,20.04008016,,,,,,,,,,,3,"[369.115,423.709,498.74500000000006]","[369.115,423.709,498.74500000000006]",,3,"[372.681,425.501,500.7100000000001]","[372.682,425.501,500.7100000000001]",0,[],[],"[""scam_button""]",4.973958333,3.35,0.026041667,9.202,0.989583333,7.227,0,2,2,18,1,resources/images/legit10-EDIT.png,legit,1,0.65,0,0,,,,,,,,,,,,,,,,,,,,,,,,,,,,,,,,,,,,,,,,,,,,,,,,,,,,,,,,,,,,,,,,,,,,,,,,,,,,,,,,,,,,,,
,,,,,,,,,,,001,2025-05-08_20h18.44.367,SLSINC_O,2022.2.5,Win32,20.04008016,,,,,,,,,,,4,"[369.115,423.709,498.74500000000006,549.014]","[369.115,423.709,498.74500000000006,549.014]",,4,"[372.681,425.501,500.7100000000001,551.132]","[372.682,425.501,500.7100000000001,551.132]",0,[],[],"[""scam_button""]",8.984375,5.314,4.973958333,6.983,0.989583333,3.425,0,3,3,2,1,resources/images/scam3.png,scam,1.2,0.65,0,0,,,,,,,,,,,,,,,,,,,,,,,,,,,,,,,,,,,,,,,,,,,,,,,,,,,,,,,,,,,,,,,,,,,,,,,,,,,,,,,,,,,,,,
,,,,,,,,,,,001,2025-05-08_20h18.44.367,SLSINC_O,2022.2.5,Win32,20.04008016,,,,,,,,,,,5,"[369.115,423.709,498.74500000000006,549.014,610.588]","[369.115,423.709,498.74500000000006,549.014,610.588]",,5,"[372.681,425.501,500.7100000000001,551.132,613.217]","[372.682,425.501,500.7100000000001,551.132,613.217]",0,[],[],"[""scam_button""]",3.971354167,2.904,0.9765625,8.375,0.9765625,2.876,0,4,4,3,1,resources/images/legit1.png,legit,1,0.72,0,0,,,,,,,,,,,,,,,,,,,,,,,,,,,,,,,,,,,,,,,,,,,,,,,,,,,,,,,,,,,,,,,,,,,,,,,,,,,,,,,,,,,,,,
,,,,,,,,,,,001,2025-05-08_20h18.44.367,SLSINC_O,2022.2.5,Win32,20.04008016,,,,,,,,,,,6,"[369.115,423.709,498.74500000000006,549.014,610.588,713.614]","[369.115,423.709,498.74500000000006,549.014,610.588,713.614]",,6,"[372.681,425.501,500.7100000000001,551.132,613.217,715.6]","[372.682,425.501,500.7100000000001,551.132,613.217,715.6]",0,[],[],"[""scam_button""]",7.955729167,4.839,4.973958333,11.088,0.9765625,6.186,0,5,5,22,1,resources/images/legit17-EDIT.png,legit,0.65,0.65,0,0,,,,,,,,,,,,,,,,,,,,,,,,,,,,,,,,,,,,,,,,,,,,,,,,,,,,,,,,,,,,,,,,,,,,,,,,,,,,,,,,,,,,,,
,,,,,,,,,,,001,2025-05-08_20h18.44.367,SLSINC_O,2022.2.5,Win32,20.04008016,,,,,,,,,,,7,"[369.115,423.709,498.74500000000006,549.014,610.588,713.614,807.212]","[369.115,423.709,498.74500000000006,549.014,610.588,713.614,807.213]",,7,"[372.681,425.501,500.7100000000001,551.132,613.217,715.6,808.933]","[372.682,425.501,500.7100000000001,551.132,613.217,715.6,808.933]",0,[],[],"[""scam_button""]",9.973958333,2.328,0.026041667,5.724,0.013020833,3.729,0,6,6,17,1,resources/images/scam10.jpg,scam,1,0.65,0,0,,,,,,,,,,,,,,,,,,,,,,,,,,,,,,,,,,,,,,,,,,,,,,,,,,,,,,,,,,,,,,,,,,,,,,,,,,,,,,,,,,,,,,
,,,,,,,,,,,001,2025-05-08_20h18.44.367,SLSINC_O,2022.2.5,Win32,20.04008016,,,,,,,,,,,8,"[369.115,423.709,498.74500000000006,549.014,610.588,713.614,807.212,852.304]","[369.115,423.709,498.74500000000006,549.014,610.588,713.614,807.213,852.304]",,8,"[372.681,425.501,500.7100000000001,551.132,613.217,715.6,808.933,854.249]","[372.682,425.501,500.7100000000001,551.132,613.217,715.6,808.933,854.249]",0,[],[],"[""scam_button""]",4.973958333,3.945,1.9921875,4.646,1.979166667,4.396,0,7,7,1,1,resources/images/scam_2.png,scam,0.9,0.65,0,0,,,,,,,,,,,,,,,,,,,,,,,,,,,,,,,,,,,,,,,,,,,,,,,,,,,,,,,,,,,,,,,,,,,,,,,,,,,,,,,,,,,,,,
,,,,,,,,,,,001,2025-05-08_20h18.44.367,SLSINC_O,2022.2.5,Win32,20.04008016,,,,,,,,,,,9,"[369.115,423.709,498.74500000000006,549.014,610.588,713.614,807.212,852.304,896.292]","[369.115,423.709,498.74500000000006,549.014,610.588,713.614,807.213,852.304,896.293]",,9,"[372.681,425.501,500.7100000000001,551.132,613.217,715.6,808.933,854.249,898.217]","[372.682,425.501,500.7100000000001,551.132,613.217,715.6,808.933,854.249,898.217]",0,[],[],"[""scam_button""]",8.984375,9.238,3.984375,5.565,1.9921875,7.685,0,8,8,10,1,resources/images/scam7.png,scam,0.65,0.65,0,0,,,,,,,,,,,,,,,,,,,,,,,,,,,,,,,,,,,,,,,,,,,,,,,,,,,,,,,,,,,,,,,,,,,,,,,,,,,,,,,,,,,,,,
,,,,,,,,,,,001,2025-05-08_20h18.44.367,SLSINC_O,2022.2.5,Win32,20.04008016,,,,,,,,,,,10,"[369.115,423.709,498.74500000000006,549.014,610.588,713.614,807.212,852.304,896.292,949.372]","[369.115,423.709,498.74500000000006,549.014,610.588,713.614,807.213,852.304,896.293,949.372]",,10,"[372.681,425.501,500.7100000000001,551.132,613.217,715.6,808.933,854.249,898.217,950.851]","[372.682,425.501,500.7100000000001,551.132,613.217,715.6,808.933,854.249,898.217,950.851]",0,[],[],"[""scam_button""]",9.9609375,4.134,4.986979167,5.062,0.963541667,3.452,0,9,9,19,1,resources/images/scam_11.png,scam,1,0.65,0,0,,,,,,,,,,,,,,,,,,,,,,,,,,,,,,,,,,,,,,,,,,,,,,,,,,,,,,,,,,,,,,,,,,,,,,,,,,,,,,,,,,,,,,
,,,,,,,,,,,001,2025-05-08_20h18.44.367,SLSINC_O,2022.2.5,Win32,20.04008016,,,,,,,,,,,11,"[369.115,423.709,498.74500000000006,549.014,610.588,713.614,807.212,852.304,896.292,949.372,993.861]","[369.115,423.709,498.74500000000006,549.014,610.588,713.614,807.213,852.304,896.293,949.372,993.861]",,11,"[372.681,425.501,500.7100000000001,551.132,613.217,715.6,808.933,854.249,898.217,950.851,996.075]","[372.682,425.501,500.7100000000001,551.132,613.217,715.6,808.933,854.249,898.217,950.851,996.075]",0,[],[],"[""scam_button""]",7.981770833,6.01,2.994791667,5.634,0.989583333,4.412,0,10,10,6,1,resources/images/scam4.png,scam,0.8,0.65,0,0,,,,,,,,,,,,,,,,,,,,,,,,,,,,,,,,,,,,,,,,,,,,,,,,,,,,,,,,,,,,,,,,,,,,,,,,,,,,,,,,,,,,,,
,,,,,,,,,,,001,2025-05-08_20h18.44.367,SLSINC_O,2022.2.5,Win32,20.04008016,,,,,,,,,,,12,"[369.115,423.709,498.74500000000006,549.014,610.588,713.614,807.212,852.304,896.292,949.372,993.861,1048.5580000000002]","[369.115,423.709,498.74500000000006,549.014,610.588,713.614,807.213,852.304,896.293,949.372,993.861,1048.5580000000002]",,12,"[372.681,425.501,500.7100000000001,551.132,613.217,715.6,808.933,854.249,898.217,950.851,996.075,1049.94]","[372.682,425.501,500.7100000000001,551.132,613.217,715.6,808.933,854.249,898.217,950.851,996.075,1049.94]",0,[],[],"[""scam_button""]",5.989583333,4.237,3.971354167,4.061,1.002604167,3.019,0,11,11,9,1,resources/images/scam6.jpg,scam,1,0.65,0,0,,,,,,,,,,,,,,,,,,,,,,,,,,,,,,,,,,,,,,,,,,,,,,,,,,,,,,,,,,,,,,,,,,,,,,,,,,,,,,,,,,,,,,
,,,,,,,,,,,001,2025-05-08_20h18.44.367,SLSINC_O,2022.2.5,Win32,20.04008016,,,,,,,,,,,13,"[369.115,423.709,498.74500000000006,549.014,610.588,713.614,807.212,852.304,896.292,949.372,993.861,1048.5580000000002,1096.93]","[369.115,423.709,498.74500000000006,549.014,610.588,713.614,807.213,852.304,896.293,949.372,993.861,1048.5580000000002,1096.93]",,13,"[372.681,425.501,500.7100000000001,551.132,613.217,715.6,808.933,854.249,898.217,950.851,996.075,1049.94,1100.546]","[372.682,425.501,500.7100000000001,551.132,613.217,715.6,808.933,854.249,898.217,950.851,996.075,1049.94,1100.547]",0,[],[],"[""scam_button""]",5.9765625,5.915,3.984375,7.551,1.979166667,9.809,0,12,12,4,1,resources/images/legit2.jpg,legit,1,0.65,0,0,,,,,,,,,,,,,,,,,,,,,,,,,,,,,,,,,,,,,,,,,,,,,,,,,,,,,,,,,,,,,,,,,,,,,,,,,,,,,,,,,,,,,,
,,,,,,,,,,,001,2025-05-08_20h18.44.367,SLSINC_O,2022.2.5,Win32,20.04008016,,,,,,,,,,,14,"[369.115,423.709,498.74500000000006,549.014,610.588,713.614,807.212,852.304,896.292,949.372,993.861,1048.5580000000002,1096.93,1158.759]","[369.115,423.709,498.74500000000006,549.014,610.588,713.614,807.213,852.304,896.293,949.372,993.861,1048.5580000000002,1096.93,1158.759]",,14,"[372.681,425.501,500.7100000000001,551.132,613.217,715.6,808.933,854.249,898.217,950.851,996.075,1049.94,1100.546,1160.289]","[372.682,425.501,500.7100000000001,551.132,613.217,715.6,808.933,854.249,898.217,950.851,996.075,1049.94,1100.547,1160.289]",0,[],[],"[""scam_button""]",7.981770833,3.306,2.981770833,5.145,1.966145833,4.918,0,13,13,7,1,resources/images/scam5.jpg,scam,0.7,0.65,0,0,,,,,,,,,,,,,,,,,,,,,,,,,,,,,,,,,,,,,,,,,,,,,,,,,,,,,,,,,,,,,,,,,,,,,,,,,,,,,,,,,,,,,,
,,,,,,,,,,,001,2025-05-08_20h18.44.367,SLSINC_O,2022.2.5,Win32,20.04008016,,,,,,,,,,,15,"[369.115,423.709,498.74500000000006,549.014,610.588,713.614,807.212,852.304,896.292,949.372,993.861,1048.5580000000002,1096.93,1158.759,1248.065]","[369.115,423.709,498.74500000000006,549.014,610.588,713.614,807.213,852.304,896.293,949.372,993.861,1048.5580000000002,1096.93,1158.759,1248.065]",,14,"[372.681,425.501,500.7100000000001,551.132,613.217,715.6,808.933,854.249,898.217,950.851,996.075,1049.94,1100.546,1160.289]","[372.682,425.501,500.7100000000001,551.132,613.217,715.6,808.933,854.249,898.217,950.851,996.075,1049.94,1100.547,1160.289]",1,[1249.9730000000002],[1249.9730000000002],"[""legit_button""]",5,2.934,4.973958333,5.405,3.984375,3.892,0,14,14,13,1,resources/images/legit6.png,legit,0.65,0.65,0,0,,,,,,,,,,,,,,,,,,,,,,,,,,,,,,,,,,,,,,,,,,,,,,,,,,,,,,,,,,,,,,,,,,,,,,,,,,,,,,,,,,,,,,
,,,,,,,,,,,001,2025-05-08_20h18.44.367,SLSINC_O,2022.2.5,Win32,20.04008016,,,,,,,,,,,16,"[369.115,423.709,498.74500000000006,549.014,610.588,713.614,807.212,852.304,896.292,949.372,993.861,1048.5580000000002,1096.93,1158.759,1248.065,1290.594]","[369.115,423.709,498.74500000000006,549.014,610.588,713.614,807.213,852.304,896.293,949.372,993.861,1048.5580000000002,1096.93,1158.759,1248.065,1290.594]",,15,"[372.681,425.501,500.7100000000001,551.132,613.217,715.6,808.933,854.249,898.217,950.851,996.075,1049.94,1100.546,1160.289,1292.669]","[372.682,425.501,500.7100000000001,551.132,613.217,715.6,808.933,854.249,898.217,950.851,996.075,1049.94,1100.547,1160.289,1292.669]",1,[1249.9730000000002],[1249.9730000000002],"[""scam_button""]",8.997395833,5.107,0.013020833,3.112,0.026041667,3.575,0,15,15,23,1,resources/images/scam14-EDIT.png,scam,1,0.65,0,0,,,,,,,,,,,,,,,,,,,,,,,,,,,,,,,,,,,,,,,,,,,,,,,,,,,,,,,,,,,,,,,,,,,,,,,,,,,,,,,,,,,,,,
,,,,,,,,,,,001,2025-05-08_20h18.44.367,SLSINC_O,2022.2.5,Win32,20.04008016,,,,,,,,,,,17,"[369.115,423.709,498.74500000000006,549.014,610.588,713.614,807.212,852.304,896.292,949.372,993.861,1048.5580000000002,1096.93,1158.759,1248.065,1290.594,1365.89]","[369.115,423.709,498.74500000000006,549.014,610.588,713.614,807.213,852.304,896.293,949.372,993.861,1048.5580000000002,1096.93,1158.759,1248.065,1290.594,1365.89]",,15,"[372.681,425.501,500.7100000000001,551.132,613.217,715.6,808.933,854.249,898.217,950.851,996.075,1049.94,1100.546,1160.289,1292.669]","[372.682,425.501,500.7100000000001,551.132,613.217,715.6,808.933,854.249,898.217,950.851,996.075,1049.94,1100.547,1160.289,1292.669]",2,"[1249.9730000000002,1367.785]","[1249.9730000000002,1367.785]","[""legit_button""]",4.986979167,2.765,4.986979167,4.816,0.9765625,2.886,0,16,16,5,1,resources/images/legit3.jpg,legit,1,0.73,0,0,,,,,,,,,,,,,,,,,,,,,,,,,,,,,,,,,,,,,,,,,,,,,,,,,,,,,,,,,,,,,,,,,,,,,,,,,,,,,,,,,,,,,,
,,,,,,,,,,,001,2025-05-08_20h18.44.367,SLSINC_O,2022.2.5,Win32,20.04008016,,,,,,,,,,,18,"[369.115,423.709,498.74500000000006,549.014,610.588,713.614,807.212,852.304,896.292,949.372,993.861,1048.5580000000002,1096.93,1158.759,1248.065,1290.594,1365.89,1466.576]","[369.115,423.709,498.74500000000006,549.014,610.588,713.614,807.213,852.304,896.293,949.372,993.861,1048.5580000000002,1096.93,1158.759,1248.065,1290.594,1365.89,1466.576]",,15,"[372.681,425.501,500.7100000000001,551.132,613.217,715.6,808.933,854.249,898.217,950.851,996.075,1049.94,1100.546,1160.289,1292.669]","[372.682,425.501,500.7100000000001,551.132,613.217,715.6,808.933,854.249,898.217,950.851,996.075,1049.94,1100.547,1160.289,1292.669]",3,"[1249.9730000000002,1367.785,1468.371]","[1249.9730000000002,1367.785,1468.371]","[""legit_button""]",5.963541667,2.368,4.986979167,5.051,3.971354167,6.424,0,17,17,11,1,resources/images/legit4-EDIT.png,legit,0.65,0.65,0,0,,,,,,,,,,,,,,,,,,,,,,,,,,,,,,,,,,,,,,,,,,,,,,,,,,,,,,,,,,,,,,,,,,,,,,,,,,,,,,,,,,,,,,
,,,,,,,,,,,001,2025-05-08_20h18.44.367,SLSINC_O,2022.2.5,Win32,20.04008016,,,,,,,,,,,19,"[369.115,423.709,498.74500000000006,549.014,610.588,713.614,807.212,852.304,896.292,949.372,993.861,1048.5580000000002,1096.93,1158.759,1248.065,1290.594,1365.89,1466.576,1526.8480000000002]","[369.115,423.709,498.74500000000006,549.014,610.588,713.614,807.213,852.304,896.293,949.372,993.861,1048.5580000000002,1096.93,1158.759,1248.065,1290.594,1365.89,1466.576,1526.8480000000002]",,15,"[372.681,425.501,500.7100000000001,551.132,613.217,715.6,808.933,854.249,898.217,950.851,996.075,1049.94,1100.546,1160.289,1292.669]","[372.682,425.501,500.7100000000001,551.132,613.217,715.6,808.933,854.249,898.217,950.851,996.075,1049.94,1100.547,1160.289,1292.669]",4,"[1249.9730000000002,1367.785,1468.371,1533.796]","[1249.9730000000002,1367.785,1468.371,1533.796]","[""legit_button""]",4.986979167,4.044,0,4.133,1.9921875,9.357,0,18,18,21,1,resources/images/legit14-EDIT.jpg,legit,1,0.65,0,0,,,,,,,,,,,,,,,,,,,,,,,,,,,,,,,,,,,,,,,,,,,,,,,,,,,,,,,,,,,,,,,,,,,,,,,,,,,,,,,,,,,,,,
,,,,,,,,,,,001,2025-05-08_20h18.44.367,SLSINC_O,2022.2.5,Win32,20.04008016,,,,,,,,,,,20,"[369.115,423.709,498.74500000000006,549.014,610.588,713.614,807.212,852.304,896.292,949.372,993.861,1048.5580000000002,1096.93,1158.759,1248.065,1290.594,1365.89,1466.576,1526.8480000000002,1616.967]","[369.115,423.709,498.74500000000006,549.014,610.588,713.614,807.213,852.304,896.293,949.372,993.861,1048.5580000000002,1096.93,1158.759,1248.065,1290.594,1365.89,1466.576,1526.8480000000002,1616.967]",,15,"[372.681,425.501,500.7100000000001,551.132,613.217,715.6,808.933,854.249,898.217,950.851,996.075,1049.94,1100.546,1160.289,1292.669]","[372.682,425.501,500.7100000000001,551.132,613.217,715.6,808.933,854.249,898.217,950.851,996.075,1049.94,1100.547,1160.289,1292.669]",5,"[1249.9730000000002,1367.785,1468.371,1533.796,1618.073]","[1249.9730000000002,1367.785,1468.371,1533.796,1618.073]","[""legit_button""]",4.986979167,2.609,0.989583333,5.746,0.9765625,2.995,0,19,19,12,1,resources/images/legit5-EDIT.png,legit,0.65,0.65,0,0,,,,,,,,,,,,,,,,,,,,,,,,,,,,,,,,,,,,,,,,,,,,,,,,,,,,,,,,,,,,,,,,,,,,,,,,,,,,,,,,,,,,,,
,,,,,,,,,,,001,2025-05-08_20h18.44.367,SLSINC_O,2022.2.5,Win32,20.04008016,,,,,,,,,,,21,"[369.115,423.709,498.74500000000006,549.014,610.588,713.614,807.212,852.304,896.292,949.372,993.861,1048.5580000000002,1096.93,1158.759,1248.065,1290.594,1365.89,1466.576,1526.8480000000002,1616.967,1665.278]","[369.115,423.709,498.74500000000006,549.014,610.588,713.614,807.213,852.304,896.293,949.372,993.861,1048.5580000000002,1096.93,1158.759,1248.065,1290.594,1365.89,1466.576,1526.8480000000002,1616.967,1665.278]",,15,"[372.681,425.501,500.7100000000001,551.132,613.217,715.6,808.933,854.249,898.217,950.851,996.075,1049.94,1100.546,1160.289,1292.669]","[372.682,425.501,500.7100000000001,551.132,613.217,715.6,808.933,854.249,898.217,950.851,996.075,1049.94,1100.547,1160.289,1292.669]",6,"[1249.9730000000002,1367.785,1468.371,1533.796,1618.073,1666.7320000000002]","[1249.9730000000002,1367.785,1468.371,1533.796,1618.073,1666.7320000000002]","[""legit_button""]",5,3.543,3.971354167,6.02,2.96875,3.496,0,20,20,15,1,resources/images/legit8.png,legit,0.8,0.72,0,0,,,,,,,,,,,,,,,,,,,,,,,,,,,,,,,,,,,,,,,,,,,,,,,,,,,,,,,,,,,,,,,,,,,,,,,,,,,,,,,,,,,,,,
,,,,,,,,,,,001,2025-05-08_20h18.44.367,SLSINC_O,2022.2.5,Win32,20.04008016,,,,,,,,,,,22,"[369.115,423.709,498.74500000000006,549.014,610.588,713.614,807.212,852.304,896.292,949.372,993.861,1048.5580000000002,1096.93,1158.759,1248.065,1290.594,1365.89,1466.576,1526.8480000000002,1616.967,1665.278,1699.411]","[369.115,423.709,498.74500000000006,549.014,610.588,713.614,807.213,852.304,896.293,949.372,993.861,1048.5580000000002,1096.93,1158.759,1248.065,1290.594,1365.89,1466.576,1526.8480000000002,1616.967,1665.278,1699.411]",,16,"[372.681,425.501,500.7100000000001,551.132,613.217,715.6,808.933,854.249,898.217,950.851,996.075,1049.94,1100.546,1160.289,1292.669,1701.101]","[372.682,425.501,500.7100000000001,551.132,613.217,715.6,808.933,854.249,898.217,950.851,996.075,1049.94,1100.547,1160.289,1292.669,1701.101]",6,"[1249.9730000000002,1367.785,1468.371,1533.796,1618.073,1666.7320000000002]","[1249.9730000000002,1367.785,1468.371,1533.796,1618.073,1666.7320000000002]","[""scam_button""]",8.997395833,2.7,1.9921875,5.349,1.002604167,5.48,0,21,21,16,1,resources/images/scam13.png,scam,1,0.65,0,0,,,,,,,,,,,,,,,,,,,,,,,,,,,,,,,,,,,,,,,,,,,,,,,,,,,,,,,,,,,,,,,,,,,,,,,,,,,,,,,,,,,,,,
,,,,,,,,,,,001,2025-05-08_20h18.44.367,SLSINC_O,2022.2.5,Win32,20.04008016,,,,,,,,,,,23,"[369.115,423.709,498.74500000000006,549.014,610.588,713.614,807.212,852.304,896.292,949.372,993.861,1048.5580000000002,1096.93,1158.759,1248.065,1290.594,1365.89,1466.576,1526.8480000000002,1616.967,1665.278,1699.411,1754.1950000000002]","[369.115,423.709,498.74500000000006,549.014,610.588,713.614,807.213,852.304,896.293,949.372,993.861,1048.5580000000002,1096.93,1158.759,1248.065,1290.594,1365.89,1466.576,1526.8480000000002,1616.967,1665.278,1699.411,1754.1950000000002]",,17,"[372.681,425.501,500.7100000000001,551.132,613.217,715.6,808.933,854.249,898.217,950.851,996.075,1049.94,1100.546,1160.289,1292.669,1701.101,1755.96]","[372.682,425.501,500.7100000000001,551.132,613.217,715.6,808.933,854.249,898.217,950.851,996.075,1049.94,1100.547,1160.289,1292.669,1701.101,1755.96]",6,"[1249.9730000000002,1367.785,1468.371,1533.796,1618.073,1666.7320000000002]","[1249.9730000000002,1367.785,1468.371,1533.796,1618.073,1666.7320000000002]","[""scam_button""]",5.9765625,3.21,2.96875,5.776,0.9765625,4.136,0,22,22,8,1,resources/images/legit9-EDIT.png,legit,1,0.65,0,0,,,,,,,,,,,,,,,,,,,,,,,,,,,,,,,,,,,,,,,,,,,,,,,,,,,,,,,,,,,,,,,,,,,,,,,,,,,,,,,,,,,,,,
,,,,,,,,,,,001,2025-05-08_20h18.44.367,SLSINC_O,2022.2.5,Win32,20.04008016,,,,,,,,,,,24,"[369.115,423.709,498.74500000000006,549.014,610.588,713.614,807.212,852.304,896.292,949.372,993.861,1048.5580000000002,1096.93,1158.759,1248.065,1290.594,1365.89,1466.576,1526.8480000000002,1616.967,1665.278,1699.411,1754.1950000000002,1831.431]","[369.115,423.709,498.74500000000006,549.014,610.588,713.614,807.213,852.304,896.293,949.372,993.861,1048.5580000000002,1096.93,1158.759,1248.065,1290.594,1365.89,1466.576,1526.8480000000002,1616.967,1665.278,1699.411,1754.1950000000002,1831.431]",,17,"[372.681,425.501,500.7100000000001,551.132,613.217,715.6,808.933,854.249,898.217,950.851,996.075,1049.94,1100.546,1160.289,1292.669,1701.101,1755.96]","[372.682,425.501,500.7100000000001,551.132,613.217,715.6,808.933,854.249,898.217,950.851,996.075,1049.94,1100.547,1160.289,1292.669,1701.101,1755.96]",7,"[1249.9730000000002,1367.785,1468.371,1533.796,1618.073,1666.7320000000002,1832.7900000000002]","[1249.9730000000002,1367.785,1468.371,1533.796,1618.073,1666.7320000000002,1832.7900000000002]","[""legit_button""]",5.989583333,2.835,4.973958333,3.418,2.96875,3.377,0,23,23,14,1,resources/images/legit7-EDIT.png,legit,0.65,0.65,0,0,,,,,,,,,,,,,,,,,,,,,,,,,,,,,,,,,,,,,,,,,,,,,,,,,,,,,,,,,,,,,,,,,,,,,,,,,,,,,,,,,,,,,,
,,,,,,,,,,,001,2025-05-08_20h18.44.367,SLSINC_O,2022.2.5,Win32,20.04008016,,,,,,,,,,,,,,,,,,,,,,,,,,,,,,,,,,,,,,,space,6.994,,,,,,,,,,,,,,,,,,,,,,,,,,,,,,,,,,,,,,,,,,,,,,,,,,,,,,,,,,,,,,,,,,,,,,,,,,,,,,,,,,,,
,,,,,,,,,,,001,2025-05-08_20h18.44.367,SLSINC_O,2022.2.5,Win32,20.04008016,,,,,,,,,,,,,,,,,,,,,,,,,,,,,,,,,,,,,,,,,space,14.889,,,,,,,,,,,,,,,,,,,,,,,,,,,,,,,,,,,,,,,,,,,,,,,,,,,,,,,,,,,,,,,,,,,,,,,,,,,,,,,,,,
,,,,,,,,,,,001,2025-05-08_20h18.44.367,SLSINC_O,2022.2.5,Win32,20.04008016,,,,,,,,,,,,,,,,,,,,,,,,,,,,,,,,,,,,,,,,,,,space,11.046,,,,,,,,,,,,,,,,,,,,,,,,,,,,,,,,,,,,,,,,,,,,,,,,,,,,,,,,,,,,,,,,,,,,,,,,,,,,,,,,
,,,,,,,,,,,001,2025-05-08_20h18.44.367,SLSINC_O,2022.2.5,Win32,20.04008016,,,,,,,,,,,,,,,,,,,,,,,,,,,,,,,,,,,,,,,,,,,,,3. sender's address does not match company name2. poorly written1. misspelled word,1,[1965.997],[1965.997],,,,,,,,,,,,,,,,,,,,,,,,,,,,,,,,,,,,,,,,,,,,,,,,,,,,,,,,,,,,,,,,,,,,,,,,,,,,
,,,,,,,,,,,001,2025-05-08_20h18.44.367,SLSINC_O,2022.2.5,Win32,20.04008016,,,,,,,,,space,12.497,,,,,,,,,,,,,,,,,,,,,,,,,,,,,,,,,,,,,,,,,,,,,,,,,,,,,,,,,,,,,,,,,,,,,,,,,,,,,,,,,,,,,,,,,,,,,,,,,,,,,,,,,,,,,,,,,,
,,,,,,,,,,,001,2025-05-08_20h18.44.367,SLSINC_O,2022.2.5,Win32,20.04008016,,,,,,,,,,,25,"[369.115,423.709,498.74500000000006,549.014,610.588,713.614,807.212,852.304,896.292,949.372,993.861,1048.5580000000002,1096.93,1158.759,1248.065,1290.594,1365.89,1466.576,1526.8480000000002,1616.967,1665.278,1699.411,1754.1950000000002,1831.431,2048.5909999999994]","[369.115,423.709,498.74500000000006,549.014,610.588,713.614,807.213,852.304,896.293,949.372,993.861,1048.5580000000002,1096.93,1158.759,1248.065,1290.594,1365.89,1466.576,1526.8480000000002,1616.967,1665.278,1699.411,1754.1950000000002,1831.431,2048.5919999999996]",,18,"[372.681,425.501,500.7100000000001,551.132,613.217,715.6,808.933,854.249,898.217,950.851,996.075,1049.94,1100.546,1160.289,1292.669,1701.101,1755.96,2050.862]","[372.682,425.501,500.7100000000001,551.132,613.217,715.6,808.933,854.249,898.217,950.851,996.075,1049.94,1100.547,1160.289,1292.669,1701.101,1755.96,2050.862]",7,"[1249.9730000000002,1367.785,1468.371,1533.796,1618.073,1666.7320000000002,1832.7900000000002]","[1249.9730000000002,1367.785,1468.371,1533.796,1618.073,1666.7320000000002,1832.7900000000002]","[""scam_button""]",8.984375,4.892,0,2.699,3.984375,5.635,,,,,,resources/images/scam8.jpg,scam,0.65,0.65,0,0,,,,,,,,,,,0,0,0,0,1,,,,,,,,,,,,,,,,,,,,,,,,,,,,,,,,,,,,,,,,,,,,,,,,,,,,,,,,,,,,,,,,,,,,,,,
,,,,,,,,,,,001,2025-05-08_20h18.44.367,SLSINC_O,2022.2.5,Win32,20.04008016,,,,,,,,,,,26,"[369.115,423.709,498.74500000000006,549.014,610.588,713.614,807.212,852.304,896.292,949.372,993.861,1048.5580000000002,1096.93,1158.759,1248.065,1290.594,1365.89,1466.576,1526.8480000000002,1616.967,1665.278,1699.411,1754.1950000000002,1831.431,2048.5909999999994,2097.7229999999995]","[369.115,423.709,498.74500000000006,549.014,610.588,713.614,807.213,852.304,896.293,949.372,993.861,1048.5580000000002,1096.93,1158.759,1248.065,1290.594,1365.89,1466.576,1526.8480000000002,1616.967,1665.278,1699.411,1754.1950000000002,1831.431,2048.5919999999996,2097.7229999999995]",,19,"[372.681,425.501,500.7100000000001,551.132,613.217,715.6,808.933,854.249,898.217,950.851,996.075,1049.94,1100.546,1160.289,1292.669,1701.101,1755.96,2050.862,2100.607]","[372.682,425.501,500.7100000000001,551.132,613.217,715.6,808.933,854.249,898.217,950.851,996.075,1049.94,1100.547,1160.289,1292.669,1701.101,1755.96,2050.862,2100.607]",7,"[1249.9730000000002,1367.785,1468.371,1533.796,1618.073,1666.7320000000002,1832.7900000000002]","[1249.9730000000002,1367.785,1468.371,1533.796,1618.073,1666.7320000000002,1832.7900000000002]","[""scam_button""]",5.989583333,2.572,0.963541667,4.12,0.963541667,3.328,,,,,,resources/images/legit16.jpg,legit,0.65,0.65,0,0,,,,,,,,,,,0,1,1,15,1,,,,,,,,,,,,,,,,,,,,,,,,,,,,,,,,,,,,,,,,,,,,,,,,,,,,,,,,,,,,,,,,,,,,,,,
,,,,,,,,,,,001,2025-05-08_20h18.44.367,SLSINC_O,2022.2.5,Win32,20.04008016,,,,,,,,,,,27,"[369.115,423.709,498.74500000000006,549.014,610.588,713.614,807.212,852.304,896.292,949.372,993.861,1048.5580000000002,1096.93,1158.759,1248.065,1290.594,1365.89,1466.576,1526.8480000000002,1616.967,1665.278,1699.411,1754.1950000000002,1831.431,2048.5909999999994,2097.7229999999995,2138.7809999999995]","[369.115,423.709,498.74500000000006,549.014,610.588,713.614,807.213,852.304,896.293,949.372,993.861,1048.5580000000002,1096.93,1158.759,1248.065,1290.594,1365.89,1466.576,1526.8480000000002,1616.967,1665.278,1699.411,1754.1950000000002,1831.431,2048.5919999999996,2097.7229999999995,2138.7809999999995]",,20,"[372.681,425.501,500.7100000000001,551.132,613.217,715.6,808.933,854.249,898.217,950.851,996.075,1049.94,1100.546,1160.289,1292.669,1701.101,1755.96,2050.862,2100.607,2140.383]","[372.682,425.501,500.7100000000001,551.132,613.217,715.6,808.933,854.249,898.217,950.851,996.075,1049.94,1100.547,1160.289,1292.669,1701.101,1755.96,2050.862,2100.607,2140.383]",7,"[1249.9730000000002,1367.785,1468.371,1533.796,1618.073,1666.7320000000002,1832.7900000000002]","[1249.9730000000002,1367.785,1468.371,1533.796,1618.073,1666.7320000000002,1832.7900000000002]","[""scam_button""]",7.955729167,3.58,3.997395833,8.388,1.9921875,3.764,,,,,,resources/images/scam16.png,scam,0.65,0.65,0,0,,,,,,,,,,,0,2,2,11,1,,,,,,,,,,,,,,,,,,,,,,,,,,,,,,,,,,,,,,,,,,,,,,,,,,,,,,,,,,,,,,,,,,,,,,,
,,,,,,,,,,,001,2025-05-08_20h18.44.367,SLSINC_O,2022.2.5,Win32,20.04008016,,,,,,,,,,,28,"[369.115,423.709,498.74500000000006,549.014,610.588,713.614,807.212,852.304,896.292,949.372,993.861,1048.5580000000002,1096.93,1158.759,1248.065,1290.594,1365.89,1466.576,1526.8480000000002,1616.967,1665.278,1699.411,1754.1950000000002,1831.431,2048.5909999999994,2097.7229999999995,2138.7809999999995,2195.0809999999997]","[369.115,423.709,498.74500000000006,549.014,610.588,713.614,807.213,852.304,896.293,949.372,993.861,1048.5580000000002,1096.93,1158.759,1248.065,1290.594,1365.89,1466.576,1526.8480000000002,1616.967,1665.278,1699.411,1754.1950000000002,1831.431,2048.5919999999996,2097.7229999999995,2138.7809999999995,2195.0809999999997]",,21,"[372.681,425.501,500.7100000000001,551.132,613.217,715.6,808.933,854.249,898.217,950.851,996.075,1049.94,1100.546,1160.289,1292.669,1701.101,1755.96,2050.862,2100.607,2140.383,2197.236]","[372.682,425.501,500.7100000000001,551.132,613.217,715.6,808.933,854.249,898.217,950.851,996.075,1049.94,1100.547,1160.289,1292.669,1701.101,1755.96,2050.862,2100.607,2140.383,2197.236]",7,"[1249.9730000000002,1367.785,1468.371,1533.796,1618.073,1666.7320000000002,1832.7900000000002]","[1249.9730000000002,1367.785,1468.371,1533.796,1618.073,1666.7320000000002,1832.7900000000002]","[""scam_button""]",6.979166667,3.229,2.96875,4.501,1.002604167,2.462,,,,,,resources/images/scam_30.png,scam,1.45,0.6,0,0,,,,,,,,,,,0,3,3,20,1,,,,,,,,,,,,,,,,,,,,,,,,,,,,,,,,,,,,,,,,,,,,,,,,,,,,,,,,,,,,,,,,,,,,,,,
,,,,,,,,,,,001,2025-05-08_20h18.44.367,SLSINC_O,2022.2.5,Win32,20.04008016,,,,,,,,,,,29,"[369.115,423.709,498.74500000000006,549.014,610.588,713.614,807.212,852.304,896.292,949.372,993.861,1048.5580000000002,1096.93,1158.759,1248.065,1290.594,1365.89,1466.576,1526.8480000000002,1616.967,1665.278,1699.411,1754.1950000000002,1831.431,2048.5909999999994,2097.7229999999995,2138.7809999999995,2195.0809999999997,2272.7929999999997]","[369.115,423.709,498.74500000000006,549.014,610.588,713.614,807.213,852.304,896.293,949.372,993.861,1048.5580000000002,1096.93,1158.759,1248.065,1290.594,1365.89,1466.576,1526.8480000000002,1616.967,1665.278,1699.411,1754.1950000000002,1831.431,2048.5919999999996,2097.7229999999995,2138.7809999999995,2195.0809999999997,2272.7929999999997]",,22,"[372.681,425.501,500.7100000000001,551.132,613.217,715.6,808.933,854.249,898.217,950.851,996.075,1049.94,1100.546,1160.289,1292.669,1701.101,1755.96,2050.862,2100.607,2140.383,2197.236,2274.542]","[372.682,425.501,500.7100000000001,551.132,613.217,715.6,808.933,854.249,898.217,950.851,996.075,1049.94,1100.547,1160.289,1292.669,1701.101,1755.96,2050.862,2100.607,2140.383,2197.236,2274.542]",7,"[1249.9730000000002,1367.785,1468.371,1533.796,1618.073,1666.7320000000002,1832.7900000000002]","[1249.9730000000002,1367.785,1468.371,1533.796,1618.073,1666.7320000000002,1832.7900000000002]","[""scam_button""]",6.979166667,4.394,0.963541667,2.654,0.963541667,2.566,,,,,,resources/images/scam18.png,scam,1,0.65,0,0,,,,,,,,,,,0,4,4,14,1,,,,,,,,,,,,,,,,,,,,,,,,,,,,,,,,,,,,,,,,,,,,,,,,,,,,,,,,,,,,,,,,,,,,,,,
,,,,,,,,,,,001,2025-05-08_20h18.44.367,SLSINC_O,2022.2.5,Win32,20.04008016,,,,,,,,,,,30,"[369.115,423.709,498.74500000000006,549.014,610.588,713.614,807.212,852.304,896.292,949.372,993.861,1048.5580000000002,1096.93,1158.759,1248.065,1290.594,1365.89,1466.576,1526.8480000000002,1616.967,1665.278,1699.411,1754.1950000000002,1831.431,2048.5909999999994,2097.7229999999995,2138.7809999999995,2195.0809999999997,2272.7929999999997,2324.2929999999997]","[369.115,423.709,498.74500000000006,549.014,610.588,713.614,807.213,852.304,896.293,949.372,993.861,1048.5580000000002,1096.93,1158.759,1248.065,1290.594,1365.89,1466.576,1526.8480000000002,1616.967,1665.278,1699.411,1754.1950000000002,1831.431,2048.5919999999996,2097.7229999999995,2138.7809999999995,2195.0809999999997,2272.7929999999997,2324.2929999999997]",,22,"[372.681,425.501,500.7100000000001,551.132,613.217,715.6,808.933,854.249,898.217,950.851,996.075,1049.94,1100.546,1160.289,1292.669,1701.101,1755.96,2050.862,2100.607,2140.383,2197.236,2274.542]","[372.682,425.501,500.7100000000001,551.132,613.217,715.6,808.933,854.249,898.217,950.851,996.075,1049.94,1100.547,1160.289,1292.669,1701.101,1755.96,2050.862,2100.607,2140.383,2197.236,2274.542]",8,"[1249.9730000000002,1367.785,1468.371,1533.796,1618.073,1666.7320000000002,1832.7900000000002,2326.0849999999996]","[1249.9730000000002,1367.785,1468.371,1533.796,1618.073,1666.7320000000002,1832.7900000000002,2326.0849999999996]","[""legit_button""]",5,2.374,0.026041667,4.807,0.026041667,2.185,,,,,,resources/images/legit_30.png,legit,1,0.85,0,0,,,,,,,,,,,0,5,5,16,1,,,,,,,,,,,,,,,,,,,,,,,,,,,,,,,,,,,,,,,,,,,,,,,,,,,,,,,,,,,,,,,,,,,,,,,
,,,,,,,,,,,001,2025-05-08_20h18.44.367,SLSINC_O,2022.2.5,Win32,20.04008016,,,,,,,,,,,31,"[369.115,423.709,498.74500000000006,549.014,610.588,713.614,807.212,852.304,896.292,949.372,993.861,1048.5580000000002,1096.93,1158.759,1248.065,1290.594,1365.89,1466.576,1526.8480000000002,1616.967,1665.278,1699.411,1754.1950000000002,1831.431,2048.5909999999994,2097.7229999999995,2138.7809999999995,2195.0809999999997,2272.7929999999997,2324.2929999999997,2356.6389999999997]","[369.115,423.709,498.74500000000006,549.014,610.588,713.614,807.213,852.304,896.293,949.372,993.861,1048.5580000000002,1096.93,1158.759,1248.065,1290.594,1365.89,1466.576,1526.8480000000002,1616.967,1665.278,1699.411,1754.1950000000002,1831.431,2048.5919999999996,2097.7229999999995,2138.7809999999995,2195.0809999999997,2272.7929999999997,2324.2929999999997,2356.6389999999997]",,23,"[372.681,425.501,500.7100000000001,551.132,613.217,715.6,808.933,854.249,898.217,950.851,996.075,1049.94,1100.546,1160.289,1292.669,1701.101,1755.96,2050.862,2100.607,2140.383,2197.236,2274.542,2358.426]","[372.682,425.501,500.7100000000001,551.132,613.217,715.6,808.933,854.249,898.217,950.851,996.075,1049.94,1100.547,1160.289,1292.669,1701.101,1755.96,2050.862,2100.607,2140.383,2197.236,2274.542,2358.426]",8,"[1249.9730000000002,1367.785,1468.371,1533.796,1618.073,1666.7320000000002,1832.7900000000002,2326.0849999999996]","[1249.9730000000002,1367.785,1468.371,1533.796,1618.073,1666.7320000000002,1832.7900000000002,2326.0849999999996]","[""scam_button""]",5.9765625,3.033,3.971354167,4.016,2.005208333,4.67,,,,,,resources/images/legit15.jpg,legit,0.95,0.65,0,0,,,,,,,,,,,0,6,6,13,1,,,,,,,,,,,,,,,,,,,,,,,,,,,,,,,,,,,,,,,,,,,,,,,,,,,,,,,,,,,,,,,,,,,,,,,
,,,,,,,,,,,001,2025-05-08_20h18.44.367,SLSINC_O,2022.2.5,Win32,20.04008016,,,,,,,,,,,32,"[369.115,423.709,498.74500000000006,549.014,610.588,713.614,807.212,852.304,896.292,949.372,993.861,1048.5580000000002,1096.93,1158.759,1248.065,1290.594,1365.89,1466.576,1526.8480000000002,1616.967,1665.278,1699.411,1754.1950000000002,1831.431,2048.5909999999994,2097.7229999999995,2138.7809999999995,2195.0809999999997,2272.7929999999997,2324.2929999999997,2356.6389999999997,2394.9949999999994]","[369.115,423.709,498.74500000000006,549.014,610.588,713.614,807.213,852.304,896.293,949.372,993.861,1048.5580000000002,1096.93,1158.759,1248.065,1290.594,1365.89,1466.576,1526.8480000000002,1616.967,1665.278,1699.411,1754.1950000000002,1831.431,2048.5919999999996,2097.7229999999995,2138.7809999999995,2195.0809999999997,2272.7929999999997,2324.2929999999997,2356.6389999999997,2394.9949999999994]",,24,"[372.681,425.501,500.7100000000001,551.132,613.217,715.6,808.933,854.249,898.217,950.851,996.075,1049.94,1100.546,1160.289,1292.669,1701.101,1755.96,2050.862,2100.607,2140.383,2197.236,2274.542,2358.426,2400.59]","[372.682,425.501,500.7100000000001,551.132,613.217,715.6,808.933,854.249,898.217,950.851,996.075,1049.94,1100.547,1160.289,1292.669,1701.101,1755.96,2050.862,2100.607,2140.383,2197.236,2274.542,2358.426,2400.59]",8,"[1249.9730000000002,1367.785,1468.371,1533.796,1618.073,1666.7320000000002,1832.7900000000002,2326.0849999999996]","[1249.9730000000002,1367.785,1468.371,1533.796,1618.073,1666.7320000000002,1832.7900000000002,2326.0849999999996]","[""scam_button""]",5.989583333,2.702,3.958333333,3.291,1.002604167,5.236,,,,,,resources/images/legit12.jpg,legit,1,0.65,0,0,,,,,,,,,,,0,7,7,5,1,,,,,,,,,,,,,,,,,,,,,,,,,,,,,,,,,,,,,,,,,,,,,,,,,,,,,,,,,,,,,,,,,,,,,,,
,,,,,,,,,,,001,2025-05-08_20h18.44.367,SLSINC_O,2022.2.5,Win32,20.04008016,,,,,,,,,,,33,"[369.115,423.709,498.74500000000006,549.014,610.588,713.614,807.212,852.304,896.292,949.372,993.861,1048.5580000000002,1096.93,1158.759,1248.065,1290.594,1365.89,1466.576,1526.8480000000002,1616.967,1665.278,1699.411,1754.1950000000002,1831.431,2048.5909999999994,2097.7229999999995,2138.7809999999995,2195.0809999999997,2272.7929999999997,2324.2929999999997,2356.6389999999997,2394.9949999999994,2434.7819999999997]","[369.115,423.709,498.74500000000006,549.014,610.588,713.614,807.213,852.304,896.293,949.372,993.861,1048.5580000000002,1096.93,1158.759,1248.065,1290.594,1365.89,1466.576,1526.8480000000002,1616.967,1665.278,1699.411,1754.1950000000002,1831.431,2048.5919999999996,2097.7229999999995,2138.7809999999995,2195.0809999999997,2272.7929999999997,2324.2929999999997,2356.6389999999997,2394.9949999999994,2434.7819999999997]",,24,"[372.681,425.501,500.7100000000001,551.132,613.217,715.6,808.933,854.249,898.217,950.851,996.075,1049.94,1100.546,1160.289,1292.669,1701.101,1755.96,2050.862,2100.607,2140.383,2197.236,2274.542,2358.426,2400.59]","[372.682,425.501,500.7100000000001,551.132,613.217,715.6,808.933,854.249,898.217,950.851,996.075,1049.94,1100.547,1160.289,1292.669,1701.101,1755.96,2050.862,2100.607,2140.383,2197.236,2274.542,2358.426,2400.59]",9,"[1249.9730000000002,1367.785,1468.371,1533.796,1618.073,1666.7320000000002,1832.7900000000002,2326.0849999999996,2436.2949999999996]","[1249.9730000000002,1367.785,1468.371,1533.796,1618.073,1666.7320000000002,1832.7900000000002,2326.0849999999996,2436.2949999999996]","[""legit_button""]",5.989583333,3.462,0.013020833,3.002,0.9765625,4.383,,,,,,resources/images/legit_19.png,legit,0.65,0.65,0,0,,,,,,,,,,,0,8,8,4,1,,,,,,,,,,,,,,,,,,,,,,,,,,,,,,,,,,,,,,,,,,,,,,,,,,,,,,,,,,,,,,,,,,,,,,,
,,,,,,,,,,,001,2025-05-08_20h18.44.367,SLSINC_O,2022.2.5,Win32,20.04008016,,,,,,,,,,,34,"[369.115,423.709,498.74500000000006,549.014,610.588,713.614,807.212,852.304,896.292,949.372,993.861,1048.5580000000002,1096.93,1158.759,1248.065,1290.594,1365.89,1466.576,1526.8480000000002,1616.967,1665.278,1699.411,1754.1950000000002,1831.431,2048.5909999999994,2097.7229999999995,2138.7809999999995,2195.0809999999997,2272.7929999999997,2324.2929999999997,2356.6389999999997,2394.9949999999994,2434.7819999999997,2489.055]","[369.115,423.709,498.74500000000006,549.014,610.588,713.614,807.213,852.304,896.293,949.372,993.861,1048.5580000000002,1096.93,1158.759,1248.065,1290.594,1365.89,1466.576,1526.8480000000002,1616.967,1665.278,1699.411,1754.1950000000002,1831.431,2048.5919999999996,2097.7229999999995,2138.7809999999995,2195.0809999999997,2272.7929999999997,2324.2929999999997,2356.6389999999997,2394.9949999999994,2434.7819999999997,2489.055]",,24,"[372.681,425.501,500.7100000000001,551.132,613.217,715.6,808.933,854.249,898.217,950.851,996.075,1049.94,1100.546,1160.289,1292.669,1701.101,1755.96,2050.862,2100.607,2140.383,2197.236,2274.542,2358.426,2400.59]","[372.682,425.501,500.7100000000001,551.132,613.217,715.6,808.933,854.249,898.217,950.851,996.075,1049.94,1100.547,1160.289,1292.669,1701.101,1755.96,2050.862,2100.607,2140.383,2197.236,2274.542,2358.426,2400.59]",10,"[1249.9730000000002,1367.785,1468.371,1533.796,1618.073,1666.7320000000002,1832.7900000000002,2326.0849999999996,2436.2949999999996,2491.6349999999998]","[1249.9730000000002,1367.785,1468.371,1533.796,1618.073,1666.7320000000002,1832.7900000000002,2326.0849999999996,2436.2949999999996,2491.6349999999998]","[""legit_button""]",5,2.928,0.9765625,2.881,0.0390625,3.089,,,,,,resources/images/legitimate_18.png,legit,1,0.65,0,0,,,,,,,,,,,0,9,9,17,1,,,,,,,,,,,,,,,,,,,,,,,,,,,,,,,,,,,,,,,,,,,,,,,,,,,,,,,,,,,,,,,,,,,,,,,
,,,,,,,,,,,001,2025-05-08_20h18.44.367,SLSINC_O,2022.2.5,Win32,20.04008016,,,,,,,,,,,35,"[369.115,423.709,498.74500000000006,549.014,610.588,713.614,807.212,852.304,896.292,949.372,993.861,1048.5580000000002,1096.93,1158.759,1248.065,1290.594,1365.89,1466.576,1526.8480000000002,1616.967,1665.278,1699.411,1754.1950000000002,1831.431,2048.5909999999994,2097.7229999999995,2138.7809999999995,2195.0809999999997,2272.7929999999997,2324.2929999999997,2356.6389999999997,2394.9949999999994,2434.7819999999997,2489.055,2596.4959999999996]","[369.115,423.709,498.74500000000006,549.014,610.588,713.614,807.213,852.304,896.293,949.372,993.861,1048.5580000000002,1096.93,1158.759,1248.065,1290.594,1365.89,1466.576,1526.8480000000002,1616.967,1665.278,1699.411,1754.1950000000002,1831.431,2048.5919999999996,2097.7229999999995,2138.7809999999995,2195.0809999999997,2272.7929999999997,2324.2929999999997,2356.6389999999997,2394.9949999999994,2434.7819999999997,2489.055,2596.4959999999996]",,25,"[372.681,425.501,500.7100000000001,551.132,613.217,715.6,808.933,854.249,898.217,950.851,996.075,1049.94,1100.546,1160.289,1292.669,1701.101,1755.96,2050.862,2100.607,2140.383,2197.236,2274.542,2358.426,2400.59,2598.1]","[372.682,425.501,500.7100000000001,551.132,613.217,715.6,808.933,854.249,898.217,950.851,996.075,1049.94,1100.547,1160.289,1292.669,1701.101,1755.96,2050.862,2100.607,2140.383,2197.236,2274.542,2358.426,2400.59,2598.1]",10,"[1249.9730000000002,1367.785,1468.371,1533.796,1618.073,1666.7320000000002,1832.7900000000002,2326.0849999999996,2436.2949999999996,2491.6349999999998]","[1249.9730000000002,1367.785,1468.371,1533.796,1618.073,1666.7320000000002,1832.7900000000002,2326.0849999999996,2436.2949999999996,2491.6349999999998]","[""scam_button""]",4.9609375,2.71,3.971354167,3.248,0.989583333,2.371,,,,,,resources/images/scam_24.png,scam,1,0.8,0,0,,,,,,,,,,,0,10,10,22,1,,,,,,,,,,,,,,,,,,,,,,,,,,,,,,,,,,,,,,,,,,,,,,,,,,,,,,,,,,,,,,,,,,,,,,,
,,,,,,,,,,,001,2025-05-08_20h18.44.367,SLSINC_O,2022.2.5,Win32,20.04008016,,,,,,,,,,,36,"[369.115,423.709,498.74500000000006,549.014,610.588,713.614,807.212,852.304,896.292,949.372,993.861,1048.5580000000002,1096.93,1158.759,1248.065,1290.594,1365.89,1466.576,1526.8480000000002,1616.967,1665.278,1699.411,1754.1950000000002,1831.431,2048.5909999999994,2097.7229999999995,2138.7809999999995,2195.0809999999997,2272.7929999999997,2324.2929999999997,2356.6389999999997,2394.9949999999994,2434.7819999999997,2489.055,2596.4959999999996,2684.8569999999995]","[369.115,423.709,498.74500000000006,549.014,610.588,713.614,807.213,852.304,896.293,949.372,993.861,1048.5580000000002,1096.93,1158.759,1248.065,1290.594,1365.89,1466.576,1526.8480000000002,1616.967,1665.278,1699.411,1754.1950000000002,1831.431,2048.5919999999996,2097.7229999999995,2138.7809999999995,2195.0809999999997,2272.7929999999997,2324.2929999999997,2356.6389999999997,2394.9949999999994,2434.7819999999997,2489.055,2596.4959999999996,2684.8569999999995]",,26,"[372.681,425.501,500.7100000000001,551.132,613.217,715.6,808.933,854.249,898.217,950.851,996.075,1049.94,1100.546,1160.289,1292.669,1701.101,1755.96,2050.862,2100.607,2140.383,2197.236,2274.542,2358.426,2400.59,2598.1,2686.552]","[372.682,425.501,500.7100000000001,551.132,613.217,715.6,808.933,854.249,898.217,950.851,996.075,1049.94,1100.547,1160.289,1292.669,1701.101,1755.96,2050.862,2100.607,2140.383,2197.236,2274.542,2358.426,2400.59,2598.1,2686.552]",10,"[1249.9730000000002,1367.785,1468.371,1533.796,1618.073,1666.7320000000002,1832.7900000000002,2326.0849999999996,2436.2949999999996,2491.6349999999998]","[1249.9730000000002,1367.785,1468.371,1533.796,1618.073,1666.7320000000002,1832.7900000000002,2326.0849999999996,2436.2949999999996,2491.6349999999998]","[""scam_button""]",6.002604167,2.891,0.013020833,4.148,0.052083333,1.739,,,,,,resources/images/legit_21.png,legit,0.8,0.8,0,0,,,,,,,,,,,0,11,11,7,1,,,,,,,,,,,,,,,,,,,,,,,,,,,,,,,,,,,,,,,,,,,,,,,,,,,,,,,,,,,,,,,,,,,,,,,
,,,,,,,,,,,001,2025-05-08_20h18.44.367,SLSINC_O,2022.2.5,Win32,20.04008016,,,,,,,,,,,37,"[369.115,423.709,498.74500000000006,549.014,610.588,713.614,807.212,852.304,896.292,949.372,993.861,1048.5580000000002,1096.93,1158.759,1248.065,1290.594,1365.89,1466.576,1526.8480000000002,1616.967,1665.278,1699.411,1754.1950000000002,1831.431,2048.5909999999994,2097.7229999999995,2138.7809999999995,2195.0809999999997,2272.7929999999997,2324.2929999999997,2356.6389999999997,2394.9949999999994,2434.7819999999997,2489.055,2596.4959999999996,2684.8569999999995,2720.6669999999995]","[369.115,423.709,498.74500000000006,549.014,610.588,713.614,807.213,852.304,896.293,949.372,993.861,1048.5580000000002,1096.93,1158.759,1248.065,1290.594,1365.89,1466.576,1526.8480000000002,1616.967,1665.278,1699.411,1754.1950000000002,1831.431,2048.5919999999996,2097.7229999999995,2138.7809999999995,2195.0809999999997,2272.7929999999997,2324.2929999999997,2356.6389999999997,2394.9949999999994,2434.7819999999997,2489.055,2596.4959999999996,2684.8569999999995,2720.6669999999995]",,27,"[372.681,425.501,500.7100000000001,551.132,613.217,715.6,808.933,854.249,898.217,950.851,996.075,1049.94,1100.546,1160.289,1292.669,1701.101,1755.96,2050.862,2100.607,2140.383,2197.236,2274.542,2358.426,2400.59,2598.1,2686.552,2724.589]","[372.682,425.501,500.7100000000001,551.132,613.217,715.6,808.933,854.249,898.217,950.851,996.075,1049.94,1100.547,1160.289,1292.669,1701.101,1755.96,2050.862,2100.607,2140.383,2197.236,2274.542,2358.426,2400.59,2598.1,2686.552,2724.589]",10,"[1249.9730000000002,1367.785,1468.371,1533.796,1618.073,1666.7320000000002,1832.7900000000002,2326.0849999999996,2436.2949999999996,2491.6349999999998]","[1249.9730000000002,1367.785,1468.371,1533.796,1618.073,1666.7320000000002,1832.7900000000002,2326.0849999999996,2436.2949999999996,2491.6349999999998]","[""scam_button""]",5.989583333,2.31,1.002604167,3.058,0.013020833,3.594,,,,,,resources/images/scam_21.png,scam,1,0.65,0,0,,,,,,,,,,,0,12,12,19,1,,,,,,,,,,,,,,,,,,,,,,,,,,,,,,,,,,,,,,,,,,,,,,,,,,,,,,,,,,,,,,,,,,,,,,,
,,,,,,,,,,,001,2025-05-08_20h18.44.367,SLSINC_O,2022.2.5,Win32,20.04008016,,,,,,,,,,,38,"[369.115,423.709,498.74500000000006,549.014,610.588,713.614,807.212,852.304,896.292,949.372,993.861,1048.5580000000002,1096.93,1158.759,1248.065,1290.594,1365.89,1466.576,1526.8480000000002,1616.967,1665.278,1699.411,1754.1950000000002,1831.431,2048.5909999999994,2097.7229999999995,2138.7809999999995,2195.0809999999997,2272.7929999999997,2324.2929999999997,2356.6389999999997,2394.9949999999994,2434.7819999999997,2489.055,2596.4959999999996,2684.8569999999995,2720.6669999999995,2751.191]","[369.115,423.709,498.74500000000006,549.014,610.588,713.614,807.213,852.304,896.293,949.372,993.861,1048.5580000000002,1096.93,1158.759,1248.065,1290.594,1365.89,1466.576,1526.8480000000002,1616.967,1665.278,1699.411,1754.1950000000002,1831.431,2048.5919999999996,2097.7229999999995,2138.7809999999995,2195.0809999999997,2272.7929999999997,2324.2929999999997,2356.6389999999997,2394.9949999999994,2434.7819999999997,2489.055,2596.4959999999996,2684.8569999999995,2720.6669999999995,2751.191]",,28,"[372.681,425.501,500.7100000000001,551.132,613.217,715.6,808.933,854.249,898.217,950.851,996.075,1049.94,1100.546,1160.289,1292.669,1701.101,1755.96,2050.862,2100.607,2140.383,2197.236,2274.542,2358.426,2400.59,2598.1,2686.552,2724.589,2752.718]","[372.682,425.501,500.7100000000001,551.132,613.217,715.6,808.933,854.249,898.217,950.851,996.075,1049.94,1100.547,1160.289,1292.669,1701.101,1755.96,2050.862,2100.607,2140.383,2197.236,2274.542,2358.426,2400.59,2598.1,2686.552,2724.589,2752.718]",10,"[1249.9730000000002,1367.785,1468.371,1533.796,1618.073,1666.7320000000002,1832.7900000000002,2326.0849999999996,2436.2949999999996,2491.6349999999998]","[1249.9730000000002,1367.785,1468.371,1533.796,1618.073,1666.7320000000002,1832.7900000000002,2326.0849999999996,2436.2949999999996,2491.6349999999998]","[""scam_button""]",7.981770833,3.078,2.005208333,4.154,1.966145833,1.542,,,,,,resources/images/scam9.jpg,scam,0.65,0.65,0,0,,,,,,,,,,,0,13,13,1,1,,,,,,,,,,,,,,,,,,,,,,,,,,,,,,,,,,,,,,,,,,,,,,,,,,,,,,,,,,,,,,,,,,,,,,,
,,,,,,,,,,,001,2025-05-08_20h18.44.367,SLSINC_O,2022.2.5,Win32,20.04008016,,,,,,,,,,,39,"[369.115,423.709,498.74500000000006,549.014,610.588,713.614,807.212,852.304,896.292,949.372,993.861,1048.5580000000002,1096.93,1158.759,1248.065,1290.594,1365.89,1466.576,1526.8480000000002,1616.967,1665.278,1699.411,1754.1950000000002,1831.431,2048.5909999999994,2097.7229999999995,2138.7809999999995,2195.0809999999997,2272.7929999999997,2324.2929999999997,2356.6389999999997,2394.9949999999994,2434.7819999999997,2489.055,2596.4959999999996,2684.8569999999995,2720.6669999999995,2751.191,2840.4449999999997]","[369.115,423.709,498.74500000000006,549.014,610.588,713.614,807.213,852.304,896.293,949.372,993.861,1048.5580000000002,1096.93,1158.759,1248.065,1290.594,1365.89,1466.576,1526.8480000000002,1616.967,1665.278,1699.411,1754.1950000000002,1831.431,2048.5919999999996,2097.7229999999995,2138.7809999999995,2195.0809999999997,2272.7929999999997,2324.2929999999997,2356.6389999999997,2394.9949999999994,2434.7819999999997,2489.055,2596.4959999999996,2684.8569999999995,2720.6669999999995,2751.191,2840.4449999999997]",,29,"[372.681,425.501,500.7100000000001,551.132,613.217,715.6,808.933,854.249,898.217,950.851,996.075,1049.94,1100.546,1160.289,1292.669,1701.101,1755.96,2050.862,2100.607,2140.383,2197.236,2274.542,2358.426,2400.59,2598.1,2686.552,2724.589,2752.718,2845.519]","[372.682,425.501,500.7100000000001,551.132,613.217,715.6,808.933,854.249,898.217,950.851,996.075,1049.94,1100.547,1160.289,1292.669,1701.101,1755.96,2050.862,2100.607,2140.383,2197.236,2274.542,2358.426,2400.59,2598.1,2686.552,2724.589,2752.718,2845.519]",10,"[1249.9730000000002,1367.785,1468.371,1533.796,1618.073,1666.7320000000002,1832.7900000000002,2326.0849999999996,2436.2949999999996,2491.6349999999998]","[1249.9730000000002,1367.785,1468.371,1533.796,1618.073,1666.7320000000002,1832.7900000000002,2326.0849999999996,2436.2949999999996,2491.6349999999998]","[""scam_button""]",5.9765625,2.574,3.958333333,3.354,0.9765625,6.28,,,,,,resources/images/legit_20.png,legit,0.9,0.8,0,0,,,,,,,,,,,0,14,14,3,1,,,,,,,,,,,,,,,,,,,,,,,,,,,,,,,,,,,,,,,,,,,,,,,,,,,,,,,,,,,,,,,,,,,,,,,
,,,,,,,,,,,001,2025-05-08_20h18.44.367,SLSINC_O,2022.2.5,Win32,20.04008016,,,,,,,,,,,40,"[369.115,423.709,498.74500000000006,549.014,610.588,713.614,807.212,852.304,896.292,949.372,993.861,1048.5580000000002,1096.93,1158.759,1248.065,1290.594,1365.89,1466.576,1526.8480000000002,1616.967,1665.278,1699.411,1754.1950000000002,1831.431,2048.5909999999994,2097.7229999999995,2138.7809999999995,2195.0809999999997,2272.7929999999997,2324.2929999999997,2356.6389999999997,2394.9949999999994,2434.7819999999997,2489.055,2596.4959999999996,2684.8569999999995,2720.6669999999995,2751.191,2840.4449999999997,2885.95]","[369.115,423.709,498.74500000000006,549.014,610.588,713.614,807.213,852.304,896.293,949.372,993.861,1048.5580000000002,1096.93,1158.759,1248.065,1290.594,1365.89,1466.576,1526.8480000000002,1616.967,1665.278,1699.411,1754.1950000000002,1831.431,2048.5919999999996,2097.7229999999995,2138.7809999999995,2195.0809999999997,2272.7929999999997,2324.2929999999997,2356.6389999999997,2394.9949999999994,2434.7819999999997,2489.055,2596.4959999999996,2684.8569999999995,2720.6669999999995,2751.191,2840.4449999999997,2885.95]",,30,"[372.681,425.501,500.7100000000001,551.132,613.217,715.6,808.933,854.249,898.217,950.851,996.075,1049.94,1100.546,1160.289,1292.669,1701.101,1755.96,2050.862,2100.607,2140.383,2197.236,2274.542,2358.426,2400.59,2598.1,2686.552,2724.589,2752.718,2845.519,2887.476]","[372.682,425.501,500.7100000000001,551.132,613.217,715.6,808.933,854.249,898.217,950.851,996.075,1049.94,1100.547,1160.289,1292.669,1701.101,1755.96,2050.862,2100.607,2140.383,2197.236,2274.542,2358.426,2400.59,2598.1,2686.552,2724.589,2752.718,2845.519,2887.476]",10,"[1249.9730000000002,1367.785,1468.371,1533.796,1618.073,1666.7320000000002,1832.7900000000002,2326.0849999999996,2436.2949999999996,2491.6349999999998]","[1249.9730000000002,1367.785,1468.371,1533.796,1618.073,1666.7320000000002,1832.7900000000002,2326.0849999999996,2436.2949999999996,2491.6349999999998]","[""scam_button""]",6.979166667,2.946,0.989583333,3.147,0.989583333,1.892,,,,,,resources/images/scam_20.png,scam,1.45,0.6,0,0,,,,,,,,,,,0,15,15,18,1,,,,,,,,,,,,,,,,,,,,,,,,,,,,,,,,,,,,,,,,,,,,,,,,,,,,,,,,,,,,,,,,,,,,,,,
,,,,,,,,,,,001,2025-05-08_20h18.44.367,SLSINC_O,2022.2.5,Win32,20.04008016,,,,,,,,,,,41,"[369.115,423.709,498.74500000000006,549.014,610.588,713.614,807.212,852.304,896.292,949.372,993.861,1048.5580000000002,1096.93,1158.759,1248.065,1290.594,1365.89,1466.576,1526.8480000000002,1616.967,1665.278,1699.411,1754.1950000000002,1831.431,2048.5909999999994,2097.7229999999995,2138.7809999999995,2195.0809999999997,2272.7929999999997,2324.2929999999997,2356.6389999999997,2394.9949999999994,2434.7819999999997,2489.055,2596.4959999999996,2684.8569999999995,2720.6669999999995,2751.191,2840.4449999999997,2885.95,3019.8209999999995]","[369.115,423.709,498.74500000000006,549.014,610.588,713.614,807.213,852.304,896.293,949.372,993.861,1048.5580000000002,1096.93,1158.759,1248.065,1290.594,1365.89,1466.576,1526.8480000000002,1616.967,1665.278,1699.411,1754.1950000000002,1831.431,2048.5919999999996,2097.7229999999995,2138.7809999999995,2195.0809999999997,2272.7929999999997,2324.2929999999997,2356.6389999999997,2394.9949999999994,2434.7819999999997,2489.055,2596.4959999999996,2684.8569999999995,2720.6669999999995,2751.191,2840.4449999999997,2885.95,3019.8219999999997]",,30,"[372.681,425.501,500.7100000000001,551.132,613.217,715.6,808.933,854.249,898.217,950.851,996.075,1049.94,1100.546,1160.289,1292.669,1701.101,1755.96,2050.862,2100.607,2140.383,2197.236,2274.542,2358.426,2400.59,2598.1,2686.552,2724.589,2752.718,2845.519,2887.476]","[372.682,425.501,500.7100000000001,551.132,613.217,715.6,808.933,854.249,898.217,950.851,996.075,1049.94,1100.547,1160.289,1292.669,1701.101,1755.96,2050.862,2100.607,2140.383,2197.236,2274.542,2358.426,2400.59,2598.1,2686.552,2724.589,2752.718,2845.519,2887.476]",11,"[1249.9730000000002,1367.785,1468.371,1533.796,1618.073,1666.7320000000002,1832.7900000000002,2326.0849999999996,2436.2949999999996,2491.6349999999998,3021.1879999999996]","[1249.9730000000002,1367.785,1468.371,1533.796,1618.073,1666.7320000000002,1832.7900000000002,2326.0849999999996,2436.2949999999996,2491.6349999999998,3021.1879999999996]","[""legit_button""]",4.9609375,2.066,0.026041667,2.923,0.026041667,1.069,,,,,,resources/images/legit11.jpg,legit,0.65,0.65,0,0,,,,,,,,,,,0,16,16,2,1,,,,,,,,,,,,,,,,,,,,,,,,,,,,,,,,,,,,,,,,,,,,,,,,,,,,,,,,,,,,,,,,,,,,,,,
,,,,,,,,,,,001,2025-05-08_20h18.44.367,SLSINC_O,2022.2.5,Win32,20.04008016,,,,,,,,,,,42,"[369.115,423.709,498.74500000000006,549.014,610.588,713.614,807.212,852.304,896.292,949.372,993.861,1048.5580000000002,1096.93,1158.759,1248.065,1290.594,1365.89,1466.576,1526.8480000000002,1616.967,1665.278,1699.411,1754.1950000000002,1831.431,2048.5909999999994,2097.7229999999995,2138.7809999999995,2195.0809999999997,2272.7929999999997,2324.2929999999997,2356.6389999999997,2394.9949999999994,2434.7819999999997,2489.055,2596.4959999999996,2684.8569999999995,2720.6669999999995,2751.191,2840.4449999999997,2885.95,3019.8209999999995,3120.9639999999995]","[369.115,423.709,498.74500000000006,549.014,610.588,713.614,807.213,852.304,896.293,949.372,993.861,1048.5580000000002,1096.93,1158.759,1248.065,1290.594,1365.89,1466.576,1526.8480000000002,1616.967,1665.278,1699.411,1754.1950000000002,1831.431,2048.5919999999996,2097.7229999999995,2138.7809999999995,2195.0809999999997,2272.7929999999997,2324.2929999999997,2356.6389999999997,2394.9949999999994,2434.7819999999997,2489.055,2596.4959999999996,2684.8569999999995,2720.6669999999995,2751.191,2840.4449999999997,2885.95,3019.8219999999997,3120.9639999999995]",,31,"[372.681,425.501,500.7100000000001,551.132,613.217,715.6,808.933,854.249,898.217,950.851,996.075,1049.94,1100.546,1160.289,1292.669,1701.101,1755.96,2050.862,2100.607,2140.383,2197.236,2274.542,2358.426,2400.59,2598.1,2686.552,2724.589,2752.718,2845.519,2887.476,3122.413]","[372.682,425.501,500.7100000000001,551.132,613.217,715.6,808.933,854.249,898.217,950.851,996.075,1049.94,1100.547,1160.289,1292.669,1701.101,1755.96,2050.862,2100.607,2140.383,2197.236,2274.542,2358.426,2400.59,2598.1,2686.552,2724.589,2752.718,2845.519,2887.476,3122.413]",11,"[1249.9730000000002,1367.785,1468.371,1533.796,1618.073,1666.7320000000002,1832.7900000000002,2326.0849999999996,2436.2949999999996,2491.6349999999998,3021.1879999999996]","[1249.9730000000002,1367.785,1468.371,1533.796,1618.073,1666.7320000000002,1832.7900000000002,2326.0849999999996,2436.2949999999996,2491.6349999999998,3021.1879999999996]","[""scam_button""]",6.9921875,3.983,0.989583333,11.404,1.966145833,3.439,,,,,,resources/images/scam_22.png,scam,1,0.65,0,0,,,,,,,,,,,0,17,17,23,1,,,,,,,,,,,,,,,,,,,,,,,,,,,,,,,,,,,,,,,,,,,,,,,,,,,,,,,,,,,,,,,,,,,,,,,
,,,,,,,,,,,001,2025-05-08_20h18.44.367,SLSINC_O,2022.2.5,Win32,20.04008016,,,,,,,,,,,43,"[369.115,423.709,498.74500000000006,549.014,610.588,713.614,807.212,852.304,896.292,949.372,993.861,1048.5580000000002,1096.93,1158.759,1248.065,1290.594,1365.89,1466.576,1526.8480000000002,1616.967,1665.278,1699.411,1754.1950000000002,1831.431,2048.5909999999994,2097.7229999999995,2138.7809999999995,2195.0809999999997,2272.7929999999997,2324.2929999999997,2356.6389999999997,2394.9949999999994,2434.7819999999997,2489.055,2596.4959999999996,2684.8569999999995,2720.6669999999995,2751.191,2840.4449999999997,2885.95,3019.8209999999995,3120.9639999999995,3179.0849999999996]","[369.115,423.709,498.74500000000006,549.014,610.588,713.614,807.213,852.304,896.293,949.372,993.861,1048.5580000000002,1096.93,1158.759,1248.065,1290.594,1365.89,1466.576,1526.8480000000002,1616.967,1665.278,1699.411,1754.1950000000002,1831.431,2048.5919999999996,2097.7229999999995,2138.7809999999995,2195.0809999999997,2272.7929999999997,2324.2929999999997,2356.6389999999997,2394.9949999999994,2434.7819999999997,2489.055,2596.4959999999996,2684.8569999999995,2720.6669999999995,2751.191,2840.4449999999997,2885.95,3019.8219999999997,3120.9639999999995,3179.0849999999996]",,32,"[372.681,425.501,500.7100000000001,551.132,613.217,715.6,808.933,854.249,898.217,950.851,996.075,1049.94,1100.546,1160.289,1292.669,1701.101,1755.96,2050.862,2100.607,2140.383,2197.236,2274.542,2358.426,2400.59,2598.1,2686.552,2724.589,2752.718,2845.519,2887.476,3122.413,3181.207]","[372.682,425.501,500.7100000000001,551.132,613.217,715.6,808.933,854.249,898.217,950.851,996.075,1049.94,1100.547,1160.289,1292.669,1701.101,1755.96,2050.862,2100.607,2140.383,2197.236,2274.542,2358.426,2400.59,2598.1,2686.552,2724.589,2752.718,2845.519,2887.476,3122.413,3181.207]",11,"[1249.9730000000002,1367.785,1468.371,1533.796,1618.073,1666.7320000000002,1832.7900000000002,2326.0849999999996,2436.2949999999996,2491.6349999999998,3021.1879999999996]","[1249.9730000000002,1367.785,1468.371,1533.796,1618.073,1666.7320000000002,1832.7900000000002,2326.0849999999996,2436.2949999999996,2491.6349999999998,3021.1879999999996]","[""scam_button""]",6.9921875,4.292,2.955729167,3.715,0.052083333,2.41,,,,,,resources/images/legit_23.png,legit,1,0.65,0,0,,,,,,,,,,,0,18,18,8,1,,,,,,,,,,,,,,,,,,,,,,,,,,,,,,,,,,,,,,,,,,,,,,,,,,,,,,,,,,,,,,,,,,,,,,,
,,,,,,,,,,,001,2025-05-08_20h18.44.367,SLSINC_O,2022.2.5,Win32,20.04008016,,,,,,,,,,,44,"[369.115,423.709,498.74500000000006,549.014,610.588,713.614,807.212,852.304,896.292,949.372,993.861,1048.5580000000002,1096.93,1158.759,1248.065,1290.594,1365.89,1466.576,1526.8480000000002,1616.967,1665.278,1699.411,1754.1950000000002,1831.431,2048.5909999999994,2097.7229999999995,2138.7809999999995,2195.0809999999997,2272.7929999999997,2324.2929999999997,2356.6389999999997,2394.9949999999994,2434.7819999999997,2489.055,2596.4959999999996,2684.8569999999995,2720.6669999999995,2751.191,2840.4449999999997,2885.95,3019.8209999999995,3120.9639999999995,3179.0849999999996,3209.5679999999998]","[369.115,423.709,498.74500000000006,549.014,610.588,713.614,807.213,852.304,896.293,949.372,993.861,1048.5580000000002,1096.93,1158.759,1248.065,1290.594,1365.89,1466.576,1526.8480000000002,1616.967,1665.278,1699.411,1754.1950000000002,1831.431,2048.5919999999996,2097.7229999999995,2138.7809999999995,2195.0809999999997,2272.7929999999997,2324.2929999999997,2356.6389999999997,2394.9949999999994,2434.7819999999997,2489.055,2596.4959999999996,2684.8569999999995,2720.6669999999995,2751.191,2840.4449999999997,2885.95,3019.8219999999997,3120.9639999999995,3179.0849999999996,3209.5679999999998]",,33,"[372.681,425.501,500.7100000000001,551.132,613.217,715.6,808.933,854.249,898.217,950.851,996.075,1049.94,1100.546,1160.289,1292.669,1701.101,1755.96,2050.862,2100.607,2140.383,2197.236,2274.542,2358.426,2400.59,2598.1,2686.552,2724.589,2752.718,2845.519,2887.476,3122.413,3181.207,3210.991]","[372.682,425.501,500.7100000000001,551.132,613.217,715.6,808.933,854.249,898.217,950.851,996.075,1049.94,1100.547,1160.289,1292.669,1701.101,1755.96,2050.862,2100.607,2140.383,2197.236,2274.542,2358.426,2400.59,2598.1,2686.552,2724.589,2752.718,2845.519,2887.476,3122.413,3181.207,3210.991]",11,"[1249.9730000000002,1367.785,1468.371,1533.796,1618.073,1666.7320000000002,1832.7900000000002,2326.0849999999996,2436.2949999999996,2491.6349999999998,3021.1879999999996]","[1249.9730000000002,1367.785,1468.371,1533.796,1618.073,1666.7320000000002,1832.7900000000002,2326.0849999999996,2436.2949999999996,2491.6349999999998,3021.1879999999996]","[""scam_button""]",7.981770833,2.63,1.002604167,2.095,0.963541667,1.222,,,,,,resources/images/legit13.jpg,legit,0.65,0.65,0,0,,,,,,,,,,,0,19,19,6,1,,,,,,,,,,,,,,,,,,,,,,,,,,,,,,,,,,,,,,,,,,,,,,,,,,,,,,,,,,,,,,,,,,,,,,,
,,,,,,,,,,,001,2025-05-08_20h18.44.367,SLSINC_O,2022.2.5,Win32,20.04008016,,,,,,,,,,,45,"[369.115,423.709,498.74500000000006,549.014,610.588,713.614,807.212,852.304,896.292,949.372,993.861,1048.5580000000002,1096.93,1158.759,1248.065,1290.594,1365.89,1466.576,1526.8480000000002,1616.967,1665.278,1699.411,1754.1950000000002,1831.431,2048.5909999999994,2097.7229999999995,2138.7809999999995,2195.0809999999997,2272.7929999999997,2324.2929999999997,2356.6389999999997,2394.9949999999994,2434.7819999999997,2489.055,2596.4959999999996,2684.8569999999995,2720.6669999999995,2751.191,2840.4449999999997,2885.95,3019.8209999999995,3120.9639999999995,3179.0849999999996,3209.5679999999998,3237.6229999999996]","[369.115,423.709,498.74500000000006,549.014,610.588,713.614,807.213,852.304,896.293,949.372,993.861,1048.5580000000002,1096.93,1158.759,1248.065,1290.594,1365.89,1466.576,1526.8480000000002,1616.967,1665.278,1699.411,1754.1950000000002,1831.431,2048.5919999999996,2097.7229999999995,2138.7809999999995,2195.0809999999997,2272.7929999999997,2324.2929999999997,2356.6389999999997,2394.9949999999994,2434.7819999999997,2489.055,2596.4959999999996,2684.8569999999995,2720.6669999999995,2751.191,2840.4449999999997,2885.95,3019.8219999999997,3120.9639999999995,3179.0849999999996,3209.5679999999998,3237.6229999999996]",,34,"[372.681,425.501,500.7100000000001,551.132,613.217,715.6,808.933,854.249,898.217,950.851,996.075,1049.94,1100.546,1160.289,1292.669,1701.101,1755.96,2050.862,2100.607,2140.383,2197.236,2274.542,2358.426,2400.59,2598.1,2686.552,2724.589,2752.718,2845.519,2887.476,3122.413,3181.207,3210.991,3239.283]","[372.682,425.501,500.7100000000001,551.132,613.217,715.6,808.933,854.249,898.217,950.851,996.075,1049.94,1100.547,1160.289,1292.669,1701.101,1755.96,2050.862,2100.607,2140.383,2197.236,2274.542,2358.426,2400.59,2598.1,2686.552,2724.589,2752.718,2845.519,2887.476,3122.413,3181.207,3210.991,3239.283]",11,"[1249.9730000000002,1367.785,1468.371,1533.796,1618.073,1666.7320000000002,1832.7900000000002,2326.0849999999996,2436.2949999999996,2491.6349999999998,3021.1879999999996]","[1249.9730000000002,1367.785,1468.371,1533.796,1618.073,1666.7320000000002,1832.7900000000002,2326.0849999999996,2436.2949999999996,2491.6349999999998,3021.1879999999996]","[""scam_button""]",5.989583333,3.1,2.018229167,3.565,0.989583333,2.208,,,,,,resources/images/scam15.jpg,scam,0.65,0.65,0,0,,,,,,,,,,,0,20,20,10,1,,,,,,,,,,,,,,,,,,,,,,,,,,,,,,,,,,,,,,,,,,,,,,,,,,,,,,,,,,,,,,,,,,,,,,,
,,,,,,,,,,,001,2025-05-08_20h18.44.367,SLSINC_O,2022.2.5,Win32,20.04008016,,,,,,,,,,,46,"[369.115,423.709,498.74500000000006,549.014,610.588,713.614,807.212,852.304,896.292,949.372,993.861,1048.5580000000002,1096.93,1158.759,1248.065,1290.594,1365.89,1466.576,1526.8480000000002,1616.967,1665.278,1699.411,1754.1950000000002,1831.431,2048.5909999999994,2097.7229999999995,2138.7809999999995,2195.0809999999997,2272.7929999999997,2324.2929999999997,2356.6389999999997,2394.9949999999994,2434.7819999999997,2489.055,2596.4959999999996,2684.8569999999995,2720.6669999999995,2751.191,2840.4449999999997,2885.95,3019.8209999999995,3120.9639999999995,3179.0849999999996,3209.5679999999998,3237.6229999999996,3269.082]","[369.115,423.709,498.74500000000006,549.014,610.588,713.614,807.213,852.304,896.293,949.372,993.861,1048.5580000000002,1096.93,1158.759,1248.065,1290.594,1365.89,1466.576,1526.8480000000002,1616.967,1665.278,1699.411,1754.1950000000002,1831.431,2048.5919999999996,2097.7229999999995,2138.7809999999995,2195.0809999999997,2272.7929999999997,2324.2929999999997,2356.6389999999997,2394.9949999999994,2434.7819999999997,2489.055,2596.4959999999996,2684.8569999999995,2720.6669999999995,2751.191,2840.4449999999997,2885.95,3019.8219999999997,3120.9639999999995,3179.0849999999996,3209.5679999999998,3237.6229999999996,3269.082]",,35,"[372.681,425.501,500.7100000000001,551.132,613.217,715.6,808.933,854.249,898.217,950.851,996.075,1049.94,1100.546,1160.289,1292.669,1701.101,1755.96,2050.862,2100.607,2140.383,2197.236,2274.542,2358.426,2400.59,2598.1,2686.552,2724.589,2752.718,2845.519,2887.476,3122.413,3181.207,3210.991,3239.283,3270.84]","[372.682,425.501,500.7100000000001,551.132,613.217,715.6,808.933,854.249,898.217,950.851,996.075,1049.94,1100.547,1160.289,1292.669,1701.101,1755.96,2050.862,2100.607,2140.383,2197.236,2274.542,2358.426,2400.59,2598.1,2686.552,2724.589,2752.718,2845.519,2887.476,3122.413,3181.207,3210.991,3239.283,3270.84]",11,"[1249.9730000000002,1367.785,1468.371,1533.796,1618.073,1666.7320000000002,1832.7900000000002,2326.0849999999996,2436.2949999999996,2491.6349999999998,3021.1879999999996]","[1249.9730000000002,1367.785,1468.371,1533.796,1618.073,1666.7320000000002,1832.7900000000002,2326.0849999999996,2436.2949999999996,2491.6349999999998,3021.1879999999996]","[""scam_button""]",6.979166667,2.66,0.9765625,2.042,0.026041667,1.756,,,,,,resources/images/legit_22.png,legit,1,0.78,0,0,,,,,,,,,,,0,21,21,9,1,,,,,,,,,,,,,,,,,,,,,,,,,,,,,,,,,,,,,,,,,,,,,,,,,,,,,,,,,,,,,,,,,,,,,,,
,,,,,,,,,,,001,2025-05-08_20h18.44.367,SLSINC_O,2022.2.5,Win32,20.04008016,,,,,,,,,,,47,"[369.115,423.709,498.74500000000006,549.014,610.588,713.614,807.212,852.304,896.292,949.372,993.861,1048.5580000000002,1096.93,1158.759,1248.065,1290.594,1365.89,1466.576,1526.8480000000002,1616.967,1665.278,1699.411,1754.1950000000002,1831.431,2048.5909999999994,2097.7229999999995,2138.7809999999995,2195.0809999999997,2272.7929999999997,2324.2929999999997,2356.6389999999997,2394.9949999999994,2434.7819999999997,2489.055,2596.4959999999996,2684.8569999999995,2720.6669999999995,2751.191,2840.4449999999997,2885.95,3019.8209999999995,3120.9639999999995,3179.0849999999996,3209.5679999999998,3237.6229999999996,3269.082,3331.2329999999997]","[369.115,423.709,498.74500000000006,549.014,610.588,713.614,807.213,852.304,896.293,949.372,993.861,1048.5580000000002,1096.93,1158.759,1248.065,1290.594,1365.89,1466.576,1526.8480000000002,1616.967,1665.278,1699.411,1754.1950000000002,1831.431,2048.5919999999996,2097.7229999999995,2138.7809999999995,2195.0809999999997,2272.7929999999997,2324.2929999999997,2356.6389999999997,2394.9949999999994,2434.7819999999997,2489.055,2596.4959999999996,2684.8569999999995,2720.6669999999995,2751.191,2840.4449999999997,2885.95,3019.8219999999997,3120.9639999999995,3179.0849999999996,3209.5679999999998,3237.6229999999996,3269.082,3331.2329999999997]",,36,"[372.681,425.501,500.7100000000001,551.132,613.217,715.6,808.933,854.249,898.217,950.851,996.075,1049.94,1100.546,1160.289,1292.669,1701.101,1755.96,2050.862,2100.607,2140.383,2197.236,2274.542,2358.426,2400.59,2598.1,2686.552,2724.589,2752.718,2845.519,2887.476,3122.413,3181.207,3210.991,3239.283,3270.84,3333.067]","[372.682,425.501,500.7100000000001,551.132,613.217,715.6,808.933,854.249,898.217,950.851,996.075,1049.94,1100.547,1160.289,1292.669,1701.101,1755.96,2050.862,2100.607,2140.383,2197.236,2274.542,2358.426,2400.59,2598.1,2686.552,2724.589,2752.718,2845.519,2887.476,3122.413,3181.207,3210.991,3239.283,3270.84,3333.067]",11,"[1249.9730000000002,1367.785,1468.371,1533.796,1618.073,1666.7320000000002,1832.7900000000002,2326.0849999999996,2436.2949999999996,2491.6349999999998,3021.1879999999996]","[1249.9730000000002,1367.785,1468.371,1533.796,1618.073,1666.7320000000002,1832.7900000000002,2326.0849999999996,2436.2949999999996,2491.6349999999998,3021.1879999999996]","[""scam_button""]",8.971354167,2.803,0.9765625,2.887,1.979166667,2.027,,,,,,resources/images/scam17.png,scam,0.8,0.65,0,0,,,,,,,,,,,0,22,22,12,1,,,,,,,,,,,,,,,,,,,,,,,,,,,,,,,,,,,,,,,,,,,,,,,,,,,,,,,,,,,,,,,,,,,,,,,
,,,,,,,,,,,001,2025-05-08_20h18.44.367,SLSINC_O,2022.2.5,Win32,20.04008016,,,,,,,,,,,48,"[369.115,423.709,498.74500000000006,549.014,610.588,713.614,807.212,852.304,896.292,949.372,993.861,1048.5580000000002,1096.93,1158.759,1248.065,1290.594,1365.89,1466.576,1526.8480000000002,1616.967,1665.278,1699.411,1754.1950000000002,1831.431,2048.5909999999994,2097.7229999999995,2138.7809999999995,2195.0809999999997,2272.7929999999997,2324.2929999999997,2356.6389999999997,2394.9949999999994,2434.7819999999997,2489.055,2596.4959999999996,2684.8569999999995,2720.6669999999995,2751.191,2840.4449999999997,2885.95,3019.8209999999995,3120.9639999999995,3179.0849999999996,3209.5679999999998,3237.6229999999996,3269.082,3331.2329999999997,3361.2699999999995]","[369.115,423.709,498.74500000000006,549.014,610.588,713.614,807.213,852.304,896.293,949.372,993.861,1048.5580000000002,1096.93,1158.759,1248.065,1290.594,1365.89,1466.576,1526.8480000000002,1616.967,1665.278,1699.411,1754.1950000000002,1831.431,2048.5919999999996,2097.7229999999995,2138.7809999999995,2195.0809999999997,2272.7929999999997,2324.2929999999997,2356.6389999999997,2394.9949999999994,2434.7819999999997,2489.055,2596.4959999999996,2684.8569999999995,2720.6669999999995,2751.191,2840.4449999999997,2885.95,3019.8219999999997,3120.9639999999995,3179.0849999999996,3209.5679999999998,3237.6229999999996,3269.082,3331.2329999999997,3361.2699999999995]",,37,"[372.681,425.501,500.7100000000001,551.132,613.217,715.6,808.933,854.249,898.217,950.851,996.075,1049.94,1100.546,1160.289,1292.669,1701.101,1755.96,2050.862,2100.607,2140.383,2197.236,2274.542,2358.426,2400.59,2598.1,2686.552,2724.589,2752.718,2845.519,2887.476,3122.413,3181.207,3210.991,3239.283,3270.84,3333.067,3362.631]","[372.682,425.501,500.7100000000001,551.132,613.217,715.6,808.933,854.249,898.217,950.851,996.075,1049.94,1100.547,1160.289,1292.669,1701.101,1755.96,2050.862,2100.607,2140.383,2197.236,2274.542,2358.426,2400.59,2598.1,2686.552,2724.589,2752.718,2845.519,2887.476,3122.413,3181.207,3210.991,3239.283,3270.84,3333.067,3362.632]",11,"[1249.9730000000002,1367.785,1468.371,1533.796,1618.073,1666.7320000000002,1832.7900000000002,2326.0849999999996,2436.2949999999996,2491.6349999999998,3021.1879999999996]","[1249.9730000000002,1367.785,1468.371,1533.796,1618.073,1666.7320000000002,1832.7900000000002,2326.0849999999996,2436.2949999999996,2491.6349999999998,3021.1879999999996]","[""scam_button""]",8.971354167,2.276,1.002604167,1.763,0.9765625,3.738,,,,,,resources/images/scam_23.png,scam,1,0.8,0,0,,,,,,,,,,,0,23,23,21,1,,,,,,,,,,,,,,,,,,,,,,,,,,,,,,,,,,,,,,,,,,,,,,,,,,,,,,,,,,,,,,,,,,,,,,,
,,,,,,,,,,,001,2025-05-08_20h18.44.367,SLSINC_O,2022.2.5,Win32,20.04008016,,,,,,,,,,,,,,,,,,,,,,,,,,,,,,,,,,,,,,,,,,,,,,,,,,,,,,space,7.316,,,,,,,,,,,,,,,,,,,,,,,,,,,,,,,,,,,,,,,,,,,,,,,,,,,,,,,,,,,,,,,,,,,,,
,,,,,,,,,,,001,2025-05-08_20h18.44.367,SLSINC_O,2022.2.5,Win32,20.04008016,,,,,,,,,,,,,,,,,,,,,,,,,,,,,,,,,,,,,,,,,,,,,,,,,,,,,,,,4,9.243,"...is persistent, works until the task is finished",0,0,0,5,1,"...is persistent, works until the task is finished",,,,,,,,,,,,,,,,,,,,,,,,,,,,,,,,,,,,,,,,,,,,,,,,,,,,,,,,,,,,
,,,,,,,,,,,001,2025-05-08_20h18.44.367,SLSINC_O,2022.2.5,Win32,20.04008016,,,,,,,,,,,,,,,,,,,,,,,,,,,,,,,,,,,,,,,,,,,,,,,,,,,,,,,,5,6.003,"....is reliable, can always be counted on",0,1,1,4,1,"....is reliable, can always be counted on",,,,,,,,,,,,,,,,,,,,,,,,,,,,,,,,,,,,,,,,,,,,,,,,,,,,,,,,,,,,
,,,,,,,,,,,001,2025-05-08_20h18.44.367,SLSINC_O,2022.2.5,Win32,20.04008016,,,,,,,,,,,,,,,,,,,,,,,,,,,,,,,,,,,,,,,,,,,,,,,,,,,,,,,,3,4.449,...is talktative,0,2,2,1,1,...is talktative,,,,,,,,,,,,,,,,,,,,,,,,,,,,,,,,,,,,,,,,,,,,,,,,,,,,,,,,,,,,
,,,,,,,,,,,001,2025-05-08_20h18.44.367,SLSINC_O,2022.2.5,Win32,20.04008016,,,,,,,,,,,,,,,,,,,,,,,,,,,,,,,,,,,,,,,,,,,,,,,,,,,,,,,,4,5.345,...finds clever ways to do things,0,3,3,3,1,...finds clever ways to do things,,,,,,,,,,,,,,,,,,,,,,,,,,,,,,,,,,,,,,,,,,,,,,,,,,,,,,,,,,,,
,,,,,,,,,,,001,2025-05-08_20h18.44.367,SLSINC_O,2022.2.5,Win32,20.04008016,,,,,,,,,,,,,,,,,,,,,,,,,,,,,,,,,,,,,,,,,,,,,,,,,,,,,,,,1,10.875,...often feels sad,0,4,4,0,1,...often feels sad,,,,,,,,,,,,,,,,,,,,,,,,,,,,,,,,,,,,,,,,,,,,,,,,,,,,,,,,,,,,
,,,,,,,,,,,001,2025-05-08_20h18.44.367,SLSINC_O,2022.2.5,Win32,20.04008016,,,,,,,,,,,,,,,,,,,,,,,,,,,,,,,,,,,,,,,,,,,,,,,,,,,,,,,,4,3.9,...is inventive,0,5,5,2,1,...is inventive,,,,,,,,,,,,,,,,,,,,,,,,,,,,,,,,,,,,,,,,,,,,,,,,,,,,,,,,,,,,
,,,,,,,,,,,001,2025-05-08_20h18.44.367,SLSINC_O,2022.2.5,Win32,20.04008016,,,,,,,,,,,,,,,,,,,,,,,,,,,,,,,,,,,,,,,,,,,,,,,,,,,,,,,,,,,,,,,,,space,5.373,,,,,,,,,,,,,,,,,,,,,,,,,,,,,,,,,,,,,,,,,,,,,,,,,,,,,,,,,,
,,,,,,,,,,,001,2025-05-08_20h18.44.367,SLSINC_O,2022.2.5,Win32,20.04008016,,,,,,,,,,,,,,,,,,,,,,,,,,,,,,,,,,,,,,,,,,,,,,,,,,,,,,,,,,,,,,,,,,,3,16.188,,0,0,0,17,1,I have a responsibility to improve the neighborhood in which I live.,,,,,,,,,,,,,,,,,,,,,,,,,,,,,,,,,,,,,,,,,,,,,,,,,
,,,,,,,,,,,001,2025-05-08_20h18.44.367,SLSINC_O,2022.2.5,Win32,20.04008016,,,,,,,,,,,,,,,,,,,,,,,,,,,,,,,,,,,,,,,,,,,,,,,,,,,,,,,,,,,,,,,,,,,3,7.318,,0,1,1,14,1,I feel as though I have done a lot to contribute to others.,,,,,,,,,,,,,,,,,,,,,,,,,,,,,,,,,,,,,,,,,,,,,,,,,
,,,,,,,,,,,001,2025-05-08_20h18.44.367,SLSINC_O,2022.2.5,Win32,20.04008016,,,,,,,,,,,,,,,,,,,,,,,,,,,,,,,,,,,,,,,,,,,,,,,,,,,,,,,,,,,,,,,,,,,4,6.581,,0,2,2,13,1,"In general, my actions have a positive effect on other people.",,,,,,,,,,,,,,,,,,,,,,,,,,,,,,,,,,,,,,,,,,,,,,,,,
,,,,,,,,,,,001,2025-05-08_20h18.44.367,SLSINC_O,2022.2.5,Win32,20.04008016,,,,,,,,,,,,,,,,,,,,,,,,,,,,,,,,,,,,,,,,,,,,,,,,,,,,,,,,,,,,,,,,,,,3,8.781,,0,3,3,15,1,"I have made many commitments to many different kinds of people, groups, and activities in my life.",,,,,,,,,,,,,,,,,,,,,,,,,,,,,,,,,,,,,,,,,,,,,,,,,
,,,,,,,,,,,001,2025-05-08_20h18.44.367,SLSINC_O,2022.2.5,Win32,20.04008016,,,,,,,,,,,,,,,,,,,,,,,,,,,,,,,,,,,,,,,,,,,,,,,,,,,,,,,,,,,,,,,,,,,2,8.012,,0,4,4,11,1,I have important skills that I try to teach others.,,,,,,,,,,,,,,,,,,,,,,,,,,,,,,,,,,,,,,,,,,,,,,,,,
,,,,,,,,,,,001,2025-05-08_20h18.44.367,SLSINC_O,2022.2.5,Win32,20.04008016,,,,,,,,,,,,,,,,,,,,,,,,,,,,,,,,,,,,,,,,,,,,,,,,,,,,,,,,,,,,,,,,,,,3,5.91,,0,5,5,6,1,I try to be creative in most things that I do.,,,,,,,,,,,,,,,,,,,,,,,,,,,,,,,,,,,,,,,,,,,,,,,,,
,,,,,,,,,,,001,2025-05-08_20h18.44.367,SLSINC_O,2022.2.5,Win32,20.04008016,,,,,,,,,,,,,,,,,,,,,,,,,,,,,,,,,,,,,,,,,,,,,,,,,,,,,,,,,,,,,,,,,,,3,6.778,,0,6,6,16,1,Other people say that I am a very productive person.,,,,,,,,,,,,,,,,,,,,,,,,,,,,,,,,,,,,,,,,,,,,,,,,,
,,,,,,,,,,,001,2025-05-08_20h18.44.367,SLSINC_O,2022.2.5,Win32,20.04008016,,,,,,,,,,,,,,,,,,,,,,,,,,,,,,,,,,,,,,,,,,,,,,,,,,,,,,,,,,,,,,,,,,,2,6.147,,0,7,7,7,1,I think that I will be remembered for a long time after I die.,,,,,,,,,,,,,,,,,,,,,,,,,,,,,,,,,,,,,,,,,,,,,,,,,
,,,,,,,,,,,001,2025-05-08_20h18.44.367,SLSINC_O,2022.2.5,Win32,20.04008016,,,,,,,,,,,,,,,,,,,,,,,,,,,,,,,,,,,,,,,,,,,,,,,,,,,,,,,,,,,,,,,,,,,4,10.627,,0,8,8,8,1,I believe that society should be responsible for providing food and shelter for all homeless people.,,,,,,,,,,,,,,,,,,,,,,,,,,,,,,,,,,,,,,,,,,,,,,,,,
,,,,,,,,,,,001,2025-05-08_20h18.44.367,SLSINC_O,2022.2.5,Win32,20.04008016,,,,,,,,,,,,,,,,,,,,,,,,,,,,,,,,,,,,,,,,,,,,,,,,,,,,,,,,,,,,,,,,,,,4,7.033,,0,9,9,10,1,"If I were unable to have children of my own, I would like to adopt children.",,,,,,,,,,,,,,,,,,,,,,,,,,,,,,,,,,,,,,,,,,,,,,,,,
,,,,,,,,,,,001,2025-05-08_20h18.44.367,SLSINC_O,2022.2.5,Win32,20.04008016,,,,,,,,,,,,,,,,,,,,,,,,,,,,,,,,,,,,,,,,,,,,,,,,,,,,,,,,,,,,,,,,,,,2,6.854,,0,10,10,19,1,I feel as though my contributions will exist after I die.,,,,,,,,,,,,,,,,,,,,,,,,,,,,,,,,,,,,,,,,,,,,,,,,,
,,,,,,,,,,,001,2025-05-08_20h18.44.367,SLSINC_O,2022.2.5,Win32,20.04008016,,,,,,,,,,,,,,,,,,,,,,,,,,,,,,,,,,,,,,,,,,,,,,,,,,,,,,,,,,,,,,,,,,,3,7.387,,0,11,11,3,1,I feel as though I have made a difference to many people.,,,,,,,,,,,,,,,,,,,,,,,,,,,,,,,,,,,,,,,,,,,,,,,,,
,,,,,,,,,,,001,2025-05-08_20h18.44.367,SLSINC_O,2022.2.5,Win32,20.04008016,,,,,,,,,,,,,,,,,,,,,,,,,,,,,,,,,,,,,,,,,,,,,,,,,,,,,,,,,,,,,,,,,,,2,6.882,,0,12,12,5,1,I have made and created things that have had an impact on other people.,,,,,,,,,,,,,,,,,,,,,,,,,,,,,,,,,,,,,,,,,,,,,,,,,
,,,,,,,,,,,001,2025-05-08_20h18.44.367,SLSINC_O,2022.2.5,Win32,20.04008016,,,,,,,,,,,,,,,,,,,,,,,,,,,,,,,,,,,,,,,,,,,,,,,,,,,,,,,,,,,,,,,,,,,1,6.405,,0,13,13,9,1,Others would say that I have made unique contributions to society.,,,,,,,,,,,,,,,,,,,,,,,,,,,,,,,,,,,,,,,,,,,,,,,,,
,,,,,,,,,,,001,2025-05-08_20h18.44.367,SLSINC_O,2022.2.5,Win32,20.04008016,,,,,,,,,,,,,,,,,,,,,,,,,,,,,,,,,,,,,,,,,,,,,,,,,,,,,,,,,,,,,,,,,,,4,6.094,,0,14,14,2,1,I think I would like the work of a teacher.,,,,,,,,,,,,,,,,,,,,,,,,,,,,,,,,,,,,,,,,,,,,,,,,,
,,,,,,,,,,,001,2025-05-08_20h18.44.367,SLSINC_O,2022.2.5,Win32,20.04008016,,,,,,,,,,,,,,,,,,,,,,,,,,,,,,,,,,,,,,,,,,,,,,,,,,,,,,,,,,,,,,,,,,,3,4.498,,0,15,15,18,1,People come to me for advice.,,,,,,,,,,,,,,,,,,,,,,,,,,,,,,,,,,,,,,,,,,,,,,,,,
,,,,,,,,,,,001,2025-05-08_20h18.44.367,SLSINC_O,2022.2.5,Win32,20.04008016,,,,,,,,,,,,,,,,,,,,,,,,,,,,,,,,,,,,,,,,,,,,,,,,,,,,,,,,,,,,,,,,,,,2,6.997,,0,16,16,12,1,I feel that things I have done in my life will survive after I die.,,,,,,,,,,,,,,,,,,,,,,,,,,,,,,,,,,,,,,,,,,,,,,,,,
,,,,,,,,,,,001,2025-05-08_20h18.44.367,SLSINC_O,2022.2.5,Win32,20.04008016,,,,,,,,,,,,,,,,,,,,,,,,,,,,,,,,,,,,,,,,,,,,,,,,,,,,,,,,,,,,,,,,,,,3,5.265,,0,17,17,0,1,Try to pass along the knowledge I have gained through my experiences.,,,,,,,,,,,,,,,,,,,,,,,,,,,,,,,,,,,,,,,,,,,,,,,,,
,,,,,,,,,,,001,2025-05-08_20h18.44.367,SLSINC_O,2022.2.5,Win32,20.04008016,,,,,,,,,,,,,,,,,,,,,,,,,,,,,,,,,,,,,,,,,,,,,,,,,,,,,,,,,,,,,,,,,,,4,4.571,,0,18,18,1,1,I feel that other people need me.,,,,,,,,,,,,,,,,,,,,,,,,,,,,,,,,,,,,,,,,,,,,,,,,,
,,,,,,,,,,,001,2025-05-08_20h18.44.367,SLSINC_O,2022.2.5,Win32,20.04008016,,,,,,,,,,,,,,,,,,,,,,,,,,,,,,,,,,,,,,,,,,,,,,,,,,,,,,,,,,,,,,,,,,,3,5.752,,0,19,19,4,1,I volunteer to work for a charity.,,,,,,,,,,,,,,,,,,,,,,,,,,,,,,,,,,,,,,,,,,,,,,,,,
,,,,,,,,,,,001,2025-05-08_20h18.44.367,SLSINC_O,2022.2.5,Win32,20.04008016,,,,,,,,,,,,,,,,,,,,,,,,,,,,,,,,,,,,,,,,,,,,,,,,,,,,,,,,,,,,,,,,,,,,,,,,,,,,space,3.521,,,,,,,,,,,,,,,,,,,,,,,,,,,,,,,,,,,,,,,,,,,,,,,
,,,,,,,,,,,001,2025-05-08_20h18.44.367,SLSINC_O,2022.2.5,Win32,20.04008016,,,,,,,,,,,,,,,,,,,,,,,,,,,,,,,,,,,,,,,,,,,,,,,,,,,,,,,,,,,,,,,,,,,,,,,,,,,I have a lot in common with the people around me,,,2,4.314,,0,0,0,5,1,,,,,,,,,,,,,,,,,,,,,,,,,,,,,,,,,,,,,,,
,,,,,,,,,,,001,2025-05-08_20h18.44.367,SLSINC_O,2022.2.5,Win32,20.04008016,,,,,,,,,,,,,,,,,,,,,,,,,,,,,,,,,,,,,,,,,,,,,,,,,,,,,,,,,,,,,,,,,,,,,,,,,,,I feel left out,,,3,5.721,,0,1,1,10,1,,,,,,,,,,,,,,,,,,,,,,,,,,,,,,,,,,,,,,,
,,,,,,,,,,,001,2025-05-08_20h18.44.367,SLSINC_O,2022.2.5,Win32,20.04008016,,,,,,,,,,,,,,,,,,,,,,,,,,,,,,,,,,,,,,,,,,,,,,,,,,,,,,,,,,,,,,,,,,,,,,,,,,,No one really knows me well,,,1,3.61,,0,2,2,12,1,,,,,,,,,,,,,,,,,,,,,,,,,,,,,,,,,,,,,,,
,,,,,,,,,,,001,2025-05-08_20h18.44.367,SLSINC_O,2022.2.5,Win32,20.04008016,,,,,,,,,,,,,,,,,,,,,,,,,,,,,,,,,,,,,,,,,,,,,,,,,,,,,,,,,,,,,,,,,,,,,,,,,,,I can find companionship when I want it,,,3,4.304,,0,3,3,14,1,,,,,,,,,,,,,,,,,,,,,,,,,,,,,,,,,,,,,,,
,,,,,,,,,,,001,2025-05-08_20h18.44.367,SLSINC_O,2022.2.5,Win32,20.04008016,,,,,,,,,,,,,,,,,,,,,,,,,,,,,,,,,,,,,,,,,,,,,,,,,,,,,,,,,,,,,,,,,,,,,,,,,,,My social relationships are superficial,,,2,6.263,,0,4,4,11,1,,,,,,,,,,,,,,,,,,,,,,,,,,,,,,,,,,,,,,,
,,,,,,,,,,,001,2025-05-08_20h18.44.367,SLSINC_O,2022.2.5,Win32,20.04008016,,,,,,,,,,,,,,,,,,,,,,,,,,,,,,,,,,,,,,,,,,,,,,,,,,,,,,,,,,,,,,,,,,,,,,,,,,,I am unhappy being so withdrawn ,,,1,4.733,,0,5,5,16,1,,,,,,,,,,,,,,,,,,,,,,,,,,,,,,,,,,,,,,,
,,,,,,,,,,,001,2025-05-08_20h18.44.367,SLSINC_O,2022.2.5,Win32,20.04008016,,,,,,,,,,,,,,,,,,,,,,,,,,,,,,,,,,,,,,,,,,,,,,,,,,,,,,,,,,,,,,,,,,,,,,,,,,,My interests and ideas are not shared by those around me,,,3,5.717,,0,6,6,7,1,,,,,,,,,,,,,,,,,,,,,,,,,,,,,,,,,,,,,,,
,,,,,,,,,,,001,2025-05-08_20h18.44.367,SLSINC_O,2022.2.5,Win32,20.04008016,,,,,,,,,,,,,,,,,,,,,,,,,,,,,,,,,,,,,,,,,,,,,,,,,,,,,,,,,,,,,,,,,,,,,,,,,,,I do not feel alone,,,4,4.883,,0,7,7,3,1,,,,,,,,,,,,,,,,,,,,,,,,,,,,,,,,,,,,,,,
,,,,,,,,,,,001,2025-05-08_20h18.44.367,SLSINC_O,2022.2.5,Win32,20.04008016,,,,,,,,,,,,,,,,,,,,,,,,,,,,,,,,,,,,,,,,,,,,,,,,,,,,,,,,,,,,,,,,,,,,,,,,,,,There is no one I can turn to,,,1,4.098,,0,8,8,2,1,,,,,,,,,,,,,,,,,,,,,,,,,,,,,,,,,,,,,,,
,,,,,,,,,,,001,2025-05-08_20h18.44.367,SLSINC_O,2022.2.5,Win32,20.04008016,,,,,,,,,,,,,,,,,,,,,,,,,,,,,,,,,,,,,,,,,,,,,,,,,,,,,,,,,,,,,,,,,,,,,,,,,,,There are people I can turn to,,,4,3.315,,0,9,9,19,1,,,,,,,,,,,,,,,,,,,,,,,,,,,,,,,,,,,,,,,
,,,,,,,,,,,001,2025-05-08_20h18.44.367,SLSINC_O,2022.2.5,Win32,20.04008016,,,,,,,,,,,,,,,,,,,,,,,,,,,,,,,,,,,,,,,,,,,,,,,,,,,,,,,,,,,,,,,,,,,,,,,,,,,People are around me but not with me,,,3,4.312,,0,10,10,17,1,,,,,,,,,,,,,,,,,,,,,,,,,,,,,,,,,,,,,,,
,,,,,,,,,,,001,2025-05-08_20h18.44.367,SLSINC_O,2022.2.5,Win32,20.04008016,,,,,,,,,,,,,,,,,,,,,,,,,,,,,,,,,,,,,,,,,,,,,,,,,,,,,,,,,,,,,,,,,,,,,,,,,,,There are people I can talk to,,,4,2.809,,0,11,11,18,1,,,,,,,,,,,,,,,,,,,,,,,,,,,,,,,,,,,,,,,
,,,,,,,,,,,001,2025-05-08_20h18.44.367,SLSINC_O,2022.2.5,Win32,20.04008016,,,,,,,,,,,,,,,,,,,,,,,,,,,,,,,,,,,,,,,,,,,,,,,,,,,,,,,,,,,,,,,,,,,,,,,,,,,I am no longer close to anyone,,,1,3.309,,0,12,12,6,1,,,,,,,,,,,,,,,,,,,,,,,,,,,,,,,,,,,,,,,
,,,,,,,,,,,001,2025-05-08_20h18.44.367,SLSINC_O,2022.2.5,Win32,20.04008016,,,,,,,,,,,,,,,,,,,,,,,,,,,,,,,,,,,,,,,,,,,,,,,,,,,,,,,,,,,,,,,,,,,,,,,,,,,There are people who really understand me,,,4,5.172,,0,13,13,15,1,,,,,,,,,,,,,,,,,,,,,,,,,,,,,,,,,,,,,,,
,,,,,,,,,,,001,2025-05-08_20h18.44.367,SLSINC_O,2022.2.5,Win32,20.04008016,,,,,,,,,,,,,,,,,,,,,,,,,,,,,,,,,,,,,,,,,,,,,,,,,,,,,,,,,,,,,,,,,,,,,,,,,,,There are people I feel close to,,,4,2.748,,0,14,14,9,1,,,,,,,,,,,,,,,,,,,,,,,,,,,,,,,,,,,,,,,
,,,,,,,,,,,001,2025-05-08_20h18.44.367,SLSINC_O,2022.2.5,Win32,20.04008016,,,,,,,,,,,,,,,,,,,,,,,,,,,,,,,,,,,,,,,,,,,,,,,,,,,,,,,,,,,,,,,,,,,,,,,,,,,I feel part of a group of friends,,,3,2.979,,0,15,15,4,1,,,,,,,,,,,,,,,,,,,,,,,,,,,,,,,,,,,,,,,
,,,,,,,,,,,001,2025-05-08_20h18.44.367,SLSINC_O,2022.2.5,Win32,20.04008016,,,,,,,,,,,,,,,,,,,,,,,,,,,,,,,,,,,,,,,,,,,,,,,,,,,,,,,,,,,,,,,,,,,,,,,,,,,I feel in tune with the people around me,,,2,5.706,,0,16,16,0,1,,,,,,,,,,,,,,,,,,,,,,,,,,,,,,,,,,,,,,,
,,,,,,,,,,,001,2025-05-08_20h18.44.367,SLSINC_O,2022.2.5,Win32,20.04008016,,,,,,,,,,,,,,,,,,,,,,,,,,,,,,,,,,,,,,,,,,,,,,,,,,,,,,,,,,,,,,,,,,,,,,,,,,,I am an outgoing person,,,3,3.915,,0,17,17,8,1,,,,,,,,,,,,,,,,,,,,,,,,,,,,,,,,,,,,,,,
,,,,,,,,,,,001,2025-05-08_20h18.44.367,SLSINC_O,2022.2.5,Win32,20.04008016,,,,,,,,,,,,,,,,,,,,,,,,,,,,,,,,,,,,,,,,,,,,,,,,,,,,,,,,,,,,,,,,,,,,,,,,,,,I lack companionship,,,2,5.544,,0,18,18,1,1,,,,,,,,,,,,,,,,,,,,,,,,,,,,,,,,,,,,,,,
,,,,,,,,,,,001,2025-05-08_20h18.44.367,SLSINC_O,2022.2.5,Win32,20.04008016,,,,,,,,,,,,,,,,,,,,,,,,,,,,,,,,,,,,,,,,,,,,,,,,,,,,,,,,,,,,,,,,,,,,,,,,,,,I feel isolated from others,,,2,2.647,,0,19,19,13,1,,,,,,,,,,,,,,,,,,,,,,,,,,,,,,,,,,,,,,,
,,,,,,,,,,,001,2025-05-08_20h18.44.367,SLSINC_O,2022.2.5,Win32,20.04008016,,,,,,,,,,,,,,,,,,,,,,,,,,,,,,,,,,,,,,,,,,,,,,,,,,,,,,,,,,,,,,,,,,,,,,,,,,,,,,,,,,,,,,space,3.613,,,,,,,,,,,,,,,,,,,,,,,,,,,,,,,,,,,,,
,,,,,,,,,,,001,2025-05-08_20h18.44.367,SLSINC_O,2022.2.5,Win32,20.04008016,,,,,,,,,,,,,,,,,,,,,,,,,,,,,,,,,,,,,,,,,,,,,,,,,,,,,,,,,,,,,,,,,,,,,,,,,,,,,,,,,,,,,,,,2,19.73,"I know I shouldn’t worry about developing Alzheimer’s disease and related dementias, but I just cannot help it.",0,0,0,0,1,"I know I shouldn’t worry about developing Alzheimer’s disease and related dementias, but I just cannot help it.",,,,,,,,,,,,,,,,,,,,,,,,,,,,
,,,,,,,,,,,001,2025-05-08_20h18.44.367,SLSINC_O,2022.2.5,Win32,20.04008016,,,,,,,,,,,,,,,,,,,,,,,,,,,,,,,,,,,,,,,,,,,,,,,,,,,,,,,,,,,,,,,,,,,,,,,,,,,,,,,,,,,,,,,,1,10.467,I think I probably worry more about Alzheimer’s disease and related dementias than other people my same age.,0,1,1,11,1,I think I probably worry more about Alzheimer’s disease and related dementias than other people my same age.,,,,,,,,,,,,,,,,,,,,,,,,,,,,
,,,,,,,,,,,001,2025-05-08_20h18.44.367,SLSINC_O,2022.2.5,Win32,20.04008016,,,,,,,,,,,,,,,,,,,,,,,,,,,,,,,,,,,,,,,,,,,,,,,,,,,,,,,,,,,,,,,,,,,,,,,,,,,,,,,,,,,,,,,,2,12.435,"Sometimes when trying to go to sleep, I find my thoughts drift to my concerns about having Alzheimer’s disease or a related dementia.",0,2,2,9,1,"Sometimes when trying to go to sleep, I find my thoughts drift to my concerns about having Alzheimer’s disease or a related dementia.",,,,,,,,,,,,,,,,,,,,,,,,,,,,
,,,,,,,,,,,001,2025-05-08_20h18.44.367,SLSINC_O,2022.2.5,Win32,20.04008016,,,,,,,,,,,,,,,,,,,,,,,,,,,,,,,,,,,,,,,,,,,,,,,,,,,,,,,,,,,,,,,,,,,,,,,,,,,,,,,,,,,,,,,,2,9.603,"Even though I know it doesn’t help to focus on it, I can’t help thinking about whether or not I have Alzheimer’s disease or a related dementia.",0,3,3,7,1,"Even though I know it doesn’t help to focus on it, I can’t help thinking about whether or not I have Alzheimer’s disease or a related dementia.",,,,,,,,,,,,,,,,,,,,,,,,,,,,
,,,,,,,,,,,001,2025-05-08_20h18.44.367,SLSINC_O,2022.2.5,Win32,20.04008016,,,,,,,,,,,,,,,,,,,,,,,,,,,,,,,,,,,,,,,,,,,,,,,,,,,,,,,,,,,,,,,,,,,,,,,,,,,,,,,,,,,,,,,,1,5.18,I find it difficult to control my worries about developing Alzheimer’s disease and related dementias.,0,4,4,1,1,I find it difficult to control my worries about developing Alzheimer’s disease and related dementias.,,,,,,,,,,,,,,,,,,,,,,,,,,,,
,,,,,,,,,,,001,2025-05-08_20h18.44.367,SLSINC_O,2022.2.5,Win32,20.04008016,,,,,,,,,,,,,,,,,,,,,,,,,,,,,,,,,,,,,,,,,,,,,,,,,,,,,,,,,,,,,,,,,,,,,,,,,,,,,,,,,,,,,,,,2,7.55,"When I can’t remember something, I find myself wondering whether I have Alzheimer’s disease or a related dementia.",0,5,5,2,1,"When I can’t remember something, I find myself wondering whether I have Alzheimer’s disease or a related dementia.",,,,,,,,,,,,,,,,,,,,,,,,,,,,
,,,,,,,,,,,001,2025-05-08_20h18.44.367,SLSINC_O,2022.2.5,Win32,20.04008016,,,,,,,,,,,,,,,,,,,,,,,,,,,,,,,,,,,,,,,,,,,,,,,,,,,,,,,,,,,,,,,,,,,,,,,,,,,,,,,,,,,,,,,,1,5.591,My worries about Alzheimer’s disease and related dementias overwhelm me.,0,6,6,3,1,My worries about Alzheimer’s disease and related dementias overwhelm me.,,,,,,,,,,,,,,,,,,,,,,,,,,,,
,,,,,,,,,,,001,2025-05-08_20h18.44.367,SLSINC_O,2022.2.5,Win32,20.04008016,,,,,,,,,,,,,,,,,,,,,,,,,,,,,,,,,,,,,,,,,,,,,,,,,,,,,,,,,,,,,,,,,,,,,,,,,,,,,,,,,,,,,,,,1,12.692,"	When I hear about someone having Alzheimer’s disease or a related dementia, I start to worry about having it myself.",0,7,7,5,1,"	When I hear about someone having Alzheimer’s disease or a related dementia, I start to worry about having it myself.",,,,,,,,,,,,,,,,,,,,,,,,,,,,
,,,,,,,,,,,001,2025-05-08_20h18.44.367,SLSINC_O,2022.2.5,Win32,20.04008016,,,,,,,,,,,,,,,,,,,,,,,,,,,,,,,,,,,,,,,,,,,,,,,,,,,,,,,,,,,,,,,,,,,,,,,,,,,,,,,,,,,,,,,,1,10.49,"Once I start worrying about Alzheimer’s disease and related dementias, I just cannot stop.",0,8,8,8,1,"Once I start worrying about Alzheimer’s disease and related dementias, I just cannot stop.",,,,,,,,,,,,,,,,,,,,,,,,,,,,
,,,,,,,,,,,001,2025-05-08_20h18.44.367,SLSINC_O,2022.2.5,Win32,20.04008016,,,,,,,,,,,,,,,,,,,,,,,,,,,,,,,,,,,,,,,,,,,,,,,,,,,,,,,,,,,,,,,,,,,,,,,,,,,,,,,,,,,,,,,,2,8.693,"When I am not distracted, I find my thoughts focusing on my own cognitive changes and concerns.",0,9,9,6,1,"When I am not distracted, I find my thoughts focusing on my own cognitive changes and concerns.",,,,,,,,,,,,,,,,,,,,,,,,,,,,
,,,,,,,,,,,001,2025-05-08_20h18.44.367,SLSINC_O,2022.2.5,Win32,20.04008016,,,,,,,,,,,,,,,,,,,,,,,,,,,,,,,,,,,,,,,,,,,,,,,,,,,,,,,,,,,,,,,,,,,,,,,,,,,,,,,,,,,,,,,,1,6.389,"More often than not, I find my thoughts returning to concerns that I have Alzheimer’s disease or a related dementia.",0,10,10,4,1,"More often than not, I find my thoughts returning to concerns that I have Alzheimer’s disease or a related dementia.",,,,,,,,,,,,,,,,,,,,,,,,,,,,
,,,,,,,,,,,001,2025-05-08_20h18.44.367,SLSINC_O,2022.2.5,Win32,20.04008016,,,,,,,,,,,,,,,,,,,,,,,,,,,,,,,,,,,,,,,,,,,,,,,,,,,,,,,,,,,,,,,,,,,,,,,,,,,,,,,,,,,,,,,,1,6.557,"When I forget a word that I want to say, my thoughts immediately turn to Alzheimer’s disease and related dementias.",0,11,11,10,1,"When I forget a word that I want to say, my thoughts immediately turn to Alzheimer’s disease and related dementias.",,,,,,,,,,,,,,,,,,,,,,,,,,,,
,,,,,,,,,,,001,2025-05-08_20h18.44.367,SLSINC_O,2022.2.5,Win32,20.04008016,,,,,,,,,,,,,,,,,,,,,,,,,,,,,,,,,,,,,,,,,,,,,,,,,,,,,,,,,,,,,,,,,,,,,,,,,,,,,,,,,,,,,,,,,,,,,,,,,space,2.357,,,,,,,,,,,,,,,,,,,,,,,,,,
,,,,,,,,,,,001,2025-05-08_20h18.44.367,SLSINC_O,2022.2.5,Win32,20.04008016,,,,,,,,,,,,,,,,,,,,,,,,,,,,,,,,,,,,,,,,,,,,,,,,,,,,,,,,,,,,,,,,,,,,,,,,,,,,,,,,,,,,,,,,,,,,,,,,,,,1,6.467,"I answer the phone whenever it rings, even if I do not know who is calling",0,0,0,0,1,"I answer the phone whenever it rings, even if I do not know who is calling",,,,,,,,,,,,,,,,,
,,,,,,,,,,,001,2025-05-08_20h18.44.367,SLSINC_O,2022.2.5,Win32,20.04008016,,,,,,,,,,,,,,,,,,,,,,,,,,,,,,,,,,,,,,,,,,,,,,,,,,,,,,,,,,,,,,,,,,,,,,,,,,,,,,,,,,,,,,,,,,,,,,,,,,,4,8.016,"If something sounds too good to be true, it usually is",0,1,1,2,1,"If something sounds too good to be true, it usually is",,,,,,,,,,,,,,,,,
,,,,,,,,,,,001,2025-05-08_20h18.44.367,SLSINC_O,2022.2.5,Win32,20.04008016,,,,,,,,,,,,,,,,,,,,,,,,,,,,,,,,,,,,,,,,,,,,,,,,,,,,,,,,,,,,,,,,,,,,,,,,,,,,,,,,,,,,,,,,,,,,,,,,,,,5,6.516,Persons over the age of 65 are often targeted by con-artists,0,2,2,3,1,Persons over the age of 65 are often targeted by con-artists,,,,,,,,,,,,,,,,,
,,,,,,,,,,,001,2025-05-08_20h18.44.367,SLSINC_O,2022.2.5,Win32,20.04008016,,,,,,,,,,,,,,,,,,,,,,,,,,,,,,,,,,,,,,,,,,,,,,,,,,,,,,,,,,,,,,,,,,,,,,,,,,,,,,,,,,,,,,,,,,,,,,,,,,,2,6.415,"If a telemarketer calls me, I usually listen to what they have to say",0,3,3,4,1,"If a telemarketer calls me, I usually listen to what they have to say",,,,,,,,,,,,,,,,,
,,,,,,,,,,,001,2025-05-08_20h18.44.367,SLSINC_O,2022.2.5,Win32,20.04008016,,,,,,,,,,,,,,,,,,,,,,,,,,,,,,,,,,,,,,,,,,,,,,,,,,,,,,,,,,,,,,,,,,,,,,,,,,,,,,,,,,,,,,,,,,,,,,,,,,,1,14.679,"I have difficulty ending a phone call, even if the caller is a telemarketer, someone I do not know, or someone I do not wish to call me",0,4,4,1,1,"I have difficulty ending a phone call, even if the caller is a telemarketer, someone I do not know, or someone I do not wish to call me",,,,,,,,,,,,,,,,,
,,,,,,,,,,,001,2025-05-08_20h18.44.367,SLSINC_O,2022.2.5,Win32,20.04008016,,,,,,,,,,,,,,,,,,,,,,,,,,,,,,,,,,,,,,,,,,,,,,,,,,,,,,,,,,,,,,,,,,,,,,,,,,,,,,,,,,,,,,,,,,,,,,,,,,,,,,,,,,,,2.986979167,7.238,,,,,,,,,,,,,,,
,,,,,,,,,,,001,2025-05-08_20h18.44.367,SLSINC_O,2022.2.5,Win32,20.04008016,,,,,,,,,,,,,,,,,,,,,,,,,,,,,,,,,,,,,,,,,,,,,,,,,,,,,,,,,,,,,,,,,,,,,,,,,,,,,,,,,,,,,,,,,,,,,,,,,,,,,,,,,,,,,,,,,,,,,,,,,,,,
,,,,,,,,,,,001,2025-05-08_20h18.44.367,SLSINC_O,2022.2.5,Win32,20.04008016,,,,,,,,,,,,,,,,,,,,,,,,,,,,,,,,,,,,,,,,,,,,,,,,,,,,,,,,,,,,,,,,,,,,,,,,,,,,,,,,,,,,,,,,,,,,,,,,,,,,,,,,,,,,,,"[""female_option""]",,,,,,,,,,,,,,
,,,,,,,,,,,001,2025-05-08_20h18.44.367,SLSINC_O,2022.2.5,Win32,20.04008016,,,,,,,,,,,,,,,,,,,,,,,,,,,,,,,,,,,,,,,,,,,,,,,,,,,,,,,,,,,,,,,,,,,,,,,,,,,,,,,,,,,,,,,,,,,,,,,,,,,,,,,,,,,,,,,,,,,,,,,,,,,,
,,,,,,,,,,,001,2025-05-08_20h18.44.367,SLSINC_O,2022.2.5,Win32,20.04008016,,,,,,,,,,,,,,,,,,,,,,,,,,,,,,,,,,,,,,,,,,,,,,,,,,,,,,,,,,,,,,,,,,,,,,,,,,,,,,,,,,,,,,,,,,,,,,,,,,,,,,,,,,,,,,,71,04/01/1954,,,,,,,,,,,,
,,,,,,,,,,,001,2025-05-08_20h18.44.367,SLSINC_O,2022.2.5,Win32,20.04008016,,,,,,,,,,,,,,,,,,,,,,,,,,,,,,,,,,,,,,,,,,,,,,,,,,,,,,,,,,,,,,,,,,,,,,,,,,,,,,,,,,,,,,,,,,,,,,,,,,,,,,,,,,,,,,,,,,,,,,,,,,,,
,,,,,,,,,,,001,2025-05-08_20h18.44.367,SLSINC_O,2022.2.5,Win32,20.04008016,,,,,,,,,,,,,,,,,,,,,,,,,,,,,,,,,,,,,,,,,,,,,,,,,,,,,,,,,,,,,,,,,,,,,,,,,,,,,,,,,,,,,,,,,,,,,,,,,,,,,,,,,,,,,,,,,"[""EduOpt3""]",,,,,,,,,,,
,,,,,,,,,,,001,2025-05-08_20h18.44.367,SLSINC_O,2022.2.5,Win32,20.04008016,,,,,,,,,,,,,,,,,,,,,,,,,,,,,,,,,,,,,,,,,,,,,,,,,,,,,,,,,,,,,,,,,,,,,,,,,,,,,,,,,,,,,,,,,,,,,,,,,,,,,,,,,,,,,,,,,,,,,,,,,,,,
,,,,,,,,,,,001,2025-05-08_20h18.44.367,SLSINC_O,2022.2.5,Win32,20.04008016,,,,,,,,,,,,,,,,,,,,,,,,,,,,,,,,,,,,,,,,,,,,,,,,,,,,,,,,,,,,,,,,,,,,,,,,,,,,,,,,,,,,,,,,,,,,,,,,,,,,,,,,,,,,,,,,,,"[""EthnOpt5""]",,,,,,,,,,
,,,,,,,,,,,001,2025-05-08_20h18.44.367,SLSINC_O,2022.2.5,Win32,20.04008016,,,,,,,,,,,,,,,,,,,,,,,,,,,,,,,,,,,,,,,,,,,,,,,,,,,,,,,,,,,,,,,,,,,,,,,,,,,,,,,,,,,,,,,,,,,,,,,,,,,,,,,,,,,,,,,,,,,,,,,,,,,,
,,,,,,,,,,,001,2025-05-08_20h18.44.367,SLSINC_O,2022.2.5,Win32,20.04008016,,,,,,,,,,,,,,,,,,,,,,,,,,,,,,,,,,,,,,,,,,,,,,,,,,,,,,,,,,,,,,,,,,,,,,,,,,,,,,,,,,,,,,,,,,,,,,,,,,,,,,,,,,,,,,,,,,,"[""EngFlncyY""]",,,,,,,,,
,,,,,,,,,,,001,2025-05-08_20h18.44.367,SLSINC_O,2022.2.5,Win32,20.04008016,,,,,,,,,,,,,,,,,,,,,,,,,,,,,,,,,,,,,,,,,,,,,,,,,,,,,,,,,,,,,,,,,,,,,,,,,,,,,,,,,,,,,,,,,,,,,,,,,,,,,,,,,,,,,,,,,,,,,,,,,,,,
,,,,,,,,,,,001,2025-05-08_20h18.44.367,SLSINC_O,2022.2.5,Win32,20.04008016,,,,,,,,,,,,,,,,,,,,,,,,,,,,,,,,,,,,,,,,,,,,,,,,,,,,,,,,,,,,,,,,,,,,,,,,,,,,,,,,,,,,,,,,,,,,,,,,,,,,,,,,,,,,,,,,,,,,0,USA,,,,,,,
,,,,,,,,,,,001,2025-05-08_20h18.44.367,SLSINC_O,2022.2.5,Win32,20.04008016,,,,,,,,,,,,,,,,,,,,,,,,,,,,,,,,,,,,,,,,,,,,,,,,,,,,,,,,,,,,,,,,,,,,,,,,,,,,,,,,,,,,,,,,,,,,,,,,,,,,,,,,,,,,,,,,,,,,,,,,,,,,
,,,,,,,,,,,001,2025-05-08_20h18.44.367,SLSINC_O,2022.2.5,Win32,20.04008016,,,,,,,,,,,,,,,,,,,,,,,,,,,,,,,,,,,,,,,,,,,,,,,,,,,,,,,,,,,,,,,,,,,,,,,,,,,,,,,,,,,,,,,,,,,,,,,,,,,,,,,,,,,,,,,,,,,,,,D,,,,,,
,,,,,,,,,,,001,2025-05-08_20h18.44.367,SLSINC_O,2022.2.5,Win32,20.04008016,,,,,,,,,,,,,,,,,,,,,,,,,,,,,,,,,,,,,,,,,,,,,,,,,,,,,,,,,,,,,,,,,,,,,,,,,,,,,,,,,,,,,,,,,,,,,,,,,,,,,,,,,,,,,,,,,,,,,,,,,,,,
,,,,,,,,,,,001,2025-05-08_20h18.44.367,SLSINC_O,2022.2.5,Win32,20.04008016,,,,,,,,,,,,,,,,,,,,,,,,,,,,,,,,,,,,,,,,,,,,,,,,,,,,,,,,,,,,,,,,,,,,,,,,,,,,,,,,,,,,,,,,,,,,,,,,,,,,,,,,,,,,,,,,,,,,,,,no,,,,,
,,,,,,,,,,,001,2025-05-08_20h18.44.367,SLSINC_O,2022.2.5,Win32,20.04008016,,,,,,,,,,,,,,,,,,,,,,,,,,,,,,,,,,,,,,,,,,,,,,,,,,,,,,,,,,,,,,,,,,,,,,,,,,,,,,,,,,,,,,,,,,,,,,,,,,,,,,,,,,,,,,,,,,,,,,,,,,,,
,,,,,,,,,,,001,2025-05-08_20h18.44.367,SLSINC_O,2022.2.5,Win32,20.04008016,,,,,,,,,,,,,,,,,,,,,,,,,,,,,,,,,,,,,,,,,,,,,,,,,,,,,,,,,,,,,,,,,,,,,,,,,,,,,,,,,,,,,,,,,,,,,,,,,,,,,,,,,,,,,,,,,,,,,,,,The study was a little repetitive.,,,,
,,,,,,,,,,,001,2025-05-08_20h18.44.367,SLSINC_O,2022.2.5,Win32,20.04008016,,,,,,,,,,,,,,,,,,,,,,,,,,,,,,,,,,,,,,,,,,,,,,,,,,,,,,,,,,,,,,,,,,,,,,,,,,,,,,,,,,,,,,,,,,,,,,,,,,,,,,,,,,,,,,,,,,,,,,,,,,,,
,,,,,,,,,,,001,2025-05-08_20h18.44.367,SLSINC_O,2022.2.5,Win32,20.04008016,,,,,,,,,,,,,,,,,,,,,,,,,,,,,,,,,,,,,,,,,,,,,,,,,,,,,,,,,,,,,,,,,,,,,,,,,,,,,,,,,,,,,,,,,,,,,,,,,,,,,,,,,,,,,,,,,,,,,,,,,"[""Q4option1""]",,,
,,,,,,,,,,,001,2025-05-08_20h18.44.367,SLSINC_O,2022.2.5,Win32,20.04008016,,,,,,,,,,,,,,,,,,,,,,,,,,,,,,,,,,,,,,,,,,,,,,,,,,,,,,,,,,,,,,,,,,,,,,,,,,,,,,,,,,,,,,,,,,,,,,,,,,,,,,,,,,,,,,,,,,,,,,,,,,,,
,,,,,,,,,,,001,2025-05-08_20h18.44.367,SLSINC_O,2022.2.5,Win32,20.04008016,,,,,,,,,,,,,,,,,,,,,,,,,,,,,,,,,,,,,,,,,,,,,,,,,,,,,,,,,,,,,,,,,,,,,,,,,,,,,,,,,,,,,,,,,,,,,,,,,,,,,,,,,,,,,,,,,,,,,,,,,,1,[3986.054],[3986.054]
